temperature,ph,turbidity,tds,rainfall,humidity,risk_level,is_synthetic,source
31.21,8.63,7.1,50.0,26.72,84.71,MEDIUM,True,synthetic:who_cdc_rules
19.37,7.61,1.64,411.42,17.09,75.26,MEDIUM,True,synthetic:who_cdc_rules
30.84,8.27,9.75,343.04,47.8,73.69,MEDIUM,True,synthetic:who_cdc_rules
32.89,8.52,0.1,69.0,50.3,62.46,MEDIUM,True,synthetic:who_cdc_rules
30.81,8.12,1.26,716.18,57.99,77.8,MEDIUM,True,synthetic:who_cdc_rules
31.07,5.68,10.91,50.0,29.58,93.5,HIGH,True,synthetic:who_cdc_rules
29.35,5.79,8.21,196.83,32.03,50.05,MEDIUM,True,synthetic:who_cdc_rules
25.62,6.38,3.65,544.62,23.53,86.13,MEDIUM,True,synthetic:who_cdc_rules
38.23,7.54,2.48,652.64,27.21,38.16,MEDIUM,True,synthetic:who_cdc_rules
39.1,7.14,5.07,151.66,36.81,45.36,MEDIUM,True,synthetic:who_cdc_rules
37.08,8.57,6.46,725.99,9.47,55.88,LOW,True,synthetic:who_cdc_rules
19.9,7.31,4.71,274.05,0.0,63.42,LOW,True,synthetic:who_cdc_rules
37.3,7.0,8.95,253.79,25.43,55.32,MEDIUM,True,synthetic:who_cdc_rules
28.17,7.55,13.22,437.43,0.73,94.36,MEDIUM,True,synthetic:who_cdc_rules
21.61,6.28,12.92,438.37,2.56,40.43,MEDIUM,True,synthetic:who_cdc_rules
35.63,7.89,6.89,261.63,15.11,37.28,HIGH,True,synthetic:who_cdc_rules
19.91,7.61,5.48,328.28,13.77,80.73,LOW,True,synthetic:who_cdc_rules
21.31,6.14,9.01,850.75,0.0,41.53,MEDIUM,True,synthetic:who_cdc_rules
21.6,6.82,3.79,207.41,34.19,93.85,LOW,True,synthetic:who_cdc_rules
38.66,5.94,5.63,522.45,35.06,58.17,MEDIUM,True,synthetic:who_cdc_rules
19.27,7.31,11.45,534.19,17.38,77.66,MEDIUM,True,synthetic:who_cdc_rules
39.46,8.35,9.23,100.92,12.78,58.76,MEDIUM,True,synthetic:who_cdc_rules
32.38,5.69,14.3,528.11,16.18,79.88,MEDIUM,True,synthetic:who_cdc_rules
18.3,7.54,3.89,278.71,32.28,94.11,LOW,True,synthetic:who_cdc_rules
37.42,8.95,4.68,155.98,17.24,58.12,MEDIUM,True,synthetic:who_cdc_rules
24.65,6.56,8.79,322.87,47.3,83.12,MEDIUM,True,synthetic:who_cdc_rules
29.29,7.87,0.45,296.01,37.36,60.58,LOW,True,synthetic:who_cdc_rules
27.74,8.58,8.23,217.26,21.28,43.14,MEDIUM,True,synthetic:who_cdc_rules
19.93,7.23,2.26,306.59,50.74,48.95,MEDIUM,True,synthetic:who_cdc_rules
19.86,5.87,7.61,247.86,64.27,61.07,MEDIUM,True,synthetic:who_cdc_rules
21.26,6.82,0.1,255.05,0.0,52.31,LOW,True,synthetic:who_cdc_rules
33.71,7.84,9.25,358.87,17.83,60.7,LOW,True,synthetic:who_cdc_rules
36.23,8.31,7.11,190.27,13.29,69.64,HIGH,True,synthetic:who_cdc_rules
39.65,8.86,10.3,50.0,28.53,78.87,HIGH,True,synthetic:who_cdc_rules
27.1,7.22,3.83,294.41,9.13,66.81,LOW,True,synthetic:who_cdc_rules
28.95,8.34,4.99,321.1,13.45,41.44,LOW,True,synthetic:who_cdc_rules
18.48,6.4,0.1,615.02,0.0,39.29,MEDIUM,True,synthetic:who_cdc_rules
34.7,8.88,6.5,714.0,0.0,55.45,MEDIUM,True,synthetic:who_cdc_rules
38.06,8.3,7.92,331.24,16.51,71.46,MEDIUM,True,synthetic:who_cdc_rules
24.87,5.55,6.16,399.2,6.36,52.84,MEDIUM,True,synthetic:who_cdc_rules
25.26,8.98,5.18,657.65,0.0,76.75,MEDIUM,True,synthetic:who_cdc_rules
39.42,5.73,10.03,568.51,28.51,74.36,HIGH,True,synthetic:who_cdc_rules
25.98,5.92,10.96,474.86,18.63,80.81,MEDIUM,True,synthetic:who_cdc_rules
33.71,6.4,0.1,817.12,0.0,86.81,HIGH,True,synthetic:who_cdc_rules
37.99,6.94,9.38,733.89,0.0,35.68,HIGH,True,synthetic:who_cdc_rules
24.75,6.19,16.83,357.54,28.28,50.62,MEDIUM,True,synthetic:who_cdc_rules
34.54,6.05,4.94,272.4,0.0,31.01,MEDIUM,True,synthetic:who_cdc_rules
37.16,7.61,4.64,50.0,40.73,83.74,HIGH,True,synthetic:who_cdc_rules
27.36,8.1,11.57,293.39,0.0,73.59,MEDIUM,True,synthetic:who_cdc_rules
18.91,7.27,7.36,644.87,0.0,73.29,MEDIUM,True,synthetic:who_cdc_rules
23.28,8.63,18.19,420.25,0.0,79.94,MEDIUM,True,synthetic:who_cdc_rules
20.52,8.75,3.64,249.38,46.49,40.6,MEDIUM,True,synthetic:who_cdc_rules
29.91,7.32,7.61,475.74,15.42,59.68,LOW,True,synthetic:who_cdc_rules
35.11,8.71,5.69,264.67,0.0,89.44,HIGH,True,synthetic:who_cdc_rules
20.87,5.51,3.61,300.22,1.59,30.76,MEDIUM,True,synthetic:who_cdc_rules
36.53,7.92,10.0,301.61,54.1,47.51,MEDIUM,True,synthetic:who_cdc_rules
19.42,8.37,5.68,414.67,13.86,59.24,LOW,True,synthetic:who_cdc_rules
27.21,8.74,10.15,434.4,0.0,83.98,MEDIUM,True,synthetic:who_cdc_rules
28.19,8.4,10.98,87.99,0.0,71.61,MEDIUM,True,synthetic:who_cdc_rules
25.76,8.0,14.7,104.52,24.26,92.39,LOW,True,synthetic:who_cdc_rules
31.29,5.98,6.42,721.27,29.1,79.58,MEDIUM,True,synthetic:who_cdc_rules
26.78,6.5,0.1,778.88,14.38,48.13,MEDIUM,True,synthetic:who_cdc_rules
31.56,7.57,0.1,518.14,24.0,87.61,MEDIUM,True,synthetic:who_cdc_rules
29.42,8.44,0.1,238.61,3.26,65.78,LOW,True,synthetic:who_cdc_rules
27.52,6.6,13.96,333.91,10.61,54.4,MEDIUM,True,synthetic:who_cdc_rules
39.46,5.94,1.49,368.08,25.47,92.9,HIGH,True,synthetic:who_cdc_rules
39.61,8.39,0.47,480.11,44.79,74.71,MEDIUM,True,synthetic:who_cdc_rules
33.82,6.58,6.44,690.2,0.0,88.11,MEDIUM,True,synthetic:who_cdc_rules
31.23,7.44,14.56,288.89,20.85,57.28,MEDIUM,True,synthetic:who_cdc_rules
36.06,7.13,4.39,642.46,6.39,71.59,MEDIUM,True,synthetic:who_cdc_rules
27.77,6.32,5.12,504.5,16.44,86.68,MEDIUM,True,synthetic:who_cdc_rules
31.55,6.68,0.1,335.74,18.1,33.2,LOW,True,synthetic:who_cdc_rules
29.27,6.15,10.99,323.96,59.38,71.49,HIGH,True,synthetic:who_cdc_rules
38.39,7.11,14.93,50.0,22.7,80.6,HIGH,True,synthetic:who_cdc_rules
18.27,6.87,0.1,524.24,25.85,31.26,LOW,True,synthetic:who_cdc_rules
31.39,7.51,16.39,80.47,5.33,71.59,MEDIUM,True,synthetic:who_cdc_rules
24.79,8.35,8.34,598.89,34.1,36.16,LOW,True,synthetic:who_cdc_rules
30.16,7.34,0.76,471.42,15.88,56.24,LOW,True,synthetic:who_cdc_rules
26.0,5.73,3.68,364.95,7.69,41.81,MEDIUM,True,synthetic:who_cdc_rules
24.66,7.14,1.86,174.76,21.53,76.22,LOW,True,synthetic:who_cdc_rules
18.9,6.26,3.12,291.03,0.0,64.68,MEDIUM,True,synthetic:who_cdc_rules
38.05,7.85,4.55,325.25,13.21,82.77,MEDIUM,True,synthetic:who_cdc_rules
32.67,6.79,11.33,585.53,0.0,44.0,MEDIUM,True,synthetic:who_cdc_rules
39.98,6.19,9.36,225.93,0.0,63.13,MEDIUM,True,synthetic:who_cdc_rules
32.12,8.38,6.91,552.75,0.0,66.7,LOW,True,synthetic:who_cdc_rules
30.29,7.85,5.79,275.27,0.02,71.86,LOW,True,synthetic:who_cdc_rules
30.14,8.04,9.88,457.58,0.0,71.58,LOW,True,synthetic:who_cdc_rules
20.28,7.9,4.84,289.82,18.79,76.57,LOW,True,synthetic:who_cdc_rules
31.67,7.19,4.36,88.93,37.89,64.48,LOW,True,synthetic:who_cdc_rules
20.04,7.31,7.55,437.97,5.53,88.3,LOW,True,synthetic:who_cdc_rules
28.29,8.4,8.38,356.65,36.98,39.44,LOW,True,synthetic:who_cdc_rules
39.88,8.89,1.17,469.57,21.58,64.12,MEDIUM,True,synthetic:who_cdc_rules
36.31,8.01,3.09,298.37,9.36,92.17,MEDIUM,True,synthetic:who_cdc_rules
21.46,7.26,3.54,529.83,39.74,69.73,LOW,True,synthetic:who_cdc_rules
33.15,6.12,6.81,236.41,6.82,47.87,MEDIUM,True,synthetic:who_cdc_rules
25.32,7.5,3.4,365.35,48.22,92.44,MEDIUM,True,synthetic:who_cdc_rules
18.48,5.83,9.14,531.77,27.98,31.35,MEDIUM,True,synthetic:who_cdc_rules
26.2,8.5,9.01,204.78,0.0,55.33,LOW,True,synthetic:who_cdc_rules
22.2,7.31,7.02,282.46,39.35,40.47,LOW,True,synthetic:who_cdc_rules
34.9,5.66,0.1,416.87,25.82,48.09,MEDIUM,True,synthetic:who_cdc_rules
24.64,8.39,2.65,125.97,28.38,52.73,LOW,True,synthetic:who_cdc_rules
26.85,5.63,4.55,183.26,14.06,38.1,MEDIUM,True,synthetic:who_cdc_rules
22.99,5.56,9.22,521.22,0.0,66.77,MEDIUM,True,synthetic:who_cdc_rules
31.14,5.69,12.24,384.72,8.42,70.66,MEDIUM,True,synthetic:who_cdc_rules
31.12,5.53,7.1,800.38,22.01,69.15,MEDIUM,True,synthetic:who_cdc_rules
33.39,8.34,10.3,448.93,15.63,44.14,MEDIUM,True,synthetic:who_cdc_rules
32.58,6.55,0.77,399.47,36.76,41.45,LOW,True,synthetic:who_cdc_rules
38.86,6.85,3.04,83.15,8.7,47.16,MEDIUM,True,synthetic:who_cdc_rules
24.11,8.44,4.97,245.64,31.66,47.43,LOW,True,synthetic:who_cdc_rules
23.35,7.39,4.1,144.1,0.0,75.02,LOW,True,synthetic:who_cdc_rules
22.34,6.9,6.86,325.23,21.21,50.31,LOW,True,synthetic:who_cdc_rules
32.14,8.58,16.59,306.55,23.87,63.45,LOW,True,synthetic:who_cdc_rules
34.63,6.56,12.05,410.98,0.0,82.86,MEDIUM,True,synthetic:who_cdc_rules
29.21,8.74,10.11,215.4,8.22,40.21,MEDIUM,True,synthetic:who_cdc_rules
24.18,6.94,8.84,292.53,38.76,32.2,LOW,True,synthetic:who_cdc_rules
29.06,7.13,0.1,201.95,15.05,74.94,LOW,True,synthetic:who_cdc_rules
32.62,6.65,4.36,700.95,40.68,52.13,MEDIUM,True,synthetic:who_cdc_rules
30.43,6.6,6.73,140.2,24.84,83.57,MEDIUM,True,synthetic:who_cdc_rules
26.22,8.58,10.03,478.23,39.43,94.89,MEDIUM,True,synthetic:who_cdc_rules
21.12,8.1,1.17,510.71,7.58,45.02,LOW,True,synthetic:who_cdc_rules
28.28,7.3,1.04,533.92,13.3,48.57,LOW,True,synthetic:who_cdc_rules
37.07,6.1,13.64,65.88,7.61,68.37,HIGH,True,synthetic:who_cdc_rules
27.14,6.24,2.97,485.17,21.45,34.12,MEDIUM,True,synthetic:who_cdc_rules
35.68,7.06,4.57,677.36,9.95,71.36,MEDIUM,True,synthetic:who_cdc_rules
31.11,5.55,8.15,379.84,11.05,77.71,MEDIUM,True,synthetic:who_cdc_rules
27.92,7.68,1.42,502.49,40.68,68.8,MEDIUM,True,synthetic:who_cdc_rules
25.15,7.1,6.25,584.25,17.19,90.83,LOW,True,synthetic:who_cdc_rules
36.09,6.11,4.09,98.51,17.68,34.4,MEDIUM,True,synthetic:who_cdc_rules
32.13,5.73,7.22,404.1,46.83,39.94,MEDIUM,True,synthetic:who_cdc_rules
31.45,8.67,4.01,704.92,3.6,36.54,MEDIUM,True,synthetic:who_cdc_rules
37.86,6.88,7.47,616.84,0.0,72.12,MEDIUM,True,synthetic:who_cdc_rules
34.39,7.61,6.12,194.76,12.71,64.65,LOW,True,synthetic:who_cdc_rules
39.63,6.41,5.02,697.02,1.42,59.64,HIGH,True,synthetic:who_cdc_rules
39.86,8.74,2.1,493.02,18.97,85.7,HIGH,True,synthetic:who_cdc_rules
38.85,8.32,7.75,403.63,0.0,67.12,MEDIUM,True,synthetic:who_cdc_rules
32.64,6.05,7.0,557.5,12.61,32.91,MEDIUM,True,synthetic:who_cdc_rules
23.03,7.75,9.85,663.49,22.69,46.51,MEDIUM,True,synthetic:who_cdc_rules
21.03,8.36,5.07,228.55,68.19,43.86,MEDIUM,True,synthetic:who_cdc_rules
22.21,8.03,4.87,499.63,4.26,73.71,LOW,True,synthetic:who_cdc_rules
30.9,8.86,14.44,560.14,2.4,60.67,MEDIUM,True,synthetic:who_cdc_rules
21.34,8.69,9.94,638.4,16.8,75.19,MEDIUM,True,synthetic:who_cdc_rules
23.13,8.42,9.74,595.98,39.78,61.67,LOW,True,synthetic:who_cdc_rules
21.19,7.51,10.46,374.67,0.0,87.89,MEDIUM,True,synthetic:who_cdc_rules
27.57,8.63,13.3,419.61,0.0,37.89,MEDIUM,True,synthetic:who_cdc_rules
26.01,8.23,7.6,458.7,21.25,51.52,LOW,True,synthetic:who_cdc_rules
39.35,8.72,7.18,491.86,49.15,89.55,HIGH,True,synthetic:who_cdc_rules
22.24,8.93,12.54,442.31,7.04,30.77,LOW,True,synthetic:who_cdc_rules
36.92,5.9,14.69,670.04,22.29,89.14,HIGH,True,synthetic:who_cdc_rules
23.82,7.86,10.66,222.37,6.39,36.8,MEDIUM,True,synthetic:who_cdc_rules
28.05,8.76,9.02,277.19,53.07,37.01,MEDIUM,True,synthetic:who_cdc_rules
23.3,8.2,10.42,149.56,29.07,63.56,MEDIUM,True,synthetic:who_cdc_rules
29.33,8.75,3.2,774.78,0.0,57.4,HIGH,True,synthetic:who_cdc_rules
35.26,7.74,0.1,57.85,0.0,75.56,MEDIUM,True,synthetic:who_cdc_rules
26.77,7.39,7.33,326.29,22.59,77.23,LOW,True,synthetic:who_cdc_rules
20.36,7.42,3.17,428.03,0.0,52.21,LOW,True,synthetic:who_cdc_rules
35.45,6.39,1.33,429.2,14.02,38.04,MEDIUM,True,synthetic:who_cdc_rules
26.58,7.3,0.63,373.94,0.0,49.08,LOW,True,synthetic:who_cdc_rules
24.55,8.27,8.75,339.38,29.59,60.32,LOW,True,synthetic:who_cdc_rules
27.99,7.06,4.6,104.69,20.61,43.47,LOW,True,synthetic:who_cdc_rules
20.83,8.29,6.34,303.76,3.98,38.14,LOW,True,synthetic:who_cdc_rules
31.55,6.59,8.04,214.83,28.05,60.88,LOW,True,synthetic:who_cdc_rules
33.16,7.29,1.71,514.88,7.82,60.03,LOW,True,synthetic:who_cdc_rules
30.61,8.02,0.1,408.69,44.96,88.13,MEDIUM,True,synthetic:who_cdc_rules
31.6,7.76,4.66,449.54,0.0,52.52,LOW,True,synthetic:who_cdc_rules
19.59,8.09,12.78,596.49,0.0,86.16,MEDIUM,True,synthetic:who_cdc_rules
28.81,8.33,0.1,356.83,15.04,87.4,MEDIUM,True,synthetic:who_cdc_rules
29.68,7.51,5.09,387.63,0.0,36.67,LOW,True,synthetic:who_cdc_rules
22.64,6.85,12.32,387.99,24.55,90.74,MEDIUM,True,synthetic:who_cdc_rules
22.89,7.57,3.41,530.93,41.02,79.07,MEDIUM,True,synthetic:who_cdc_rules
20.66,6.1,0.1,55.28,44.44,31.37,MEDIUM,True,synthetic:who_cdc_rules
35.22,6.66,0.1,50.0,39.33,67.24,MEDIUM,True,synthetic:who_cdc_rules
37.07,6.52,4.51,357.25,1.54,33.34,MEDIUM,True,synthetic:who_cdc_rules
34.24,5.99,6.68,611.5,22.24,48.72,MEDIUM,True,synthetic:who_cdc_rules
28.44,8.89,5.58,132.22,0.0,82.39,MEDIUM,True,synthetic:who_cdc_rules
24.46,7.19,12.66,270.26,2.16,54.45,MEDIUM,True,synthetic:who_cdc_rules
22.81,7.18,9.36,178.77,25.99,88.92,LOW,True,synthetic:who_cdc_rules
29.72,6.44,11.23,656.81,27.42,86.63,HIGH,True,synthetic:who_cdc_rules
29.45,8.07,1.61,445.07,0.0,82.47,MEDIUM,True,synthetic:who_cdc_rules
29.17,7.84,9.29,282.48,10.55,59.52,LOW,True,synthetic:who_cdc_rules
39.94,8.28,4.37,373.75,0.0,58.77,MEDIUM,True,synthetic:who_cdc_rules
31.04,6.96,4.95,573.04,5.97,49.31,LOW,True,synthetic:who_cdc_rules
36.01,7.69,0.73,677.18,32.93,92.55,HIGH,True,synthetic:who_cdc_rules
19.39,7.09,12.58,341.25,6.3,47.96,MEDIUM,True,synthetic:who_cdc_rules
39.91,7.41,6.12,554.04,22.89,85.75,HIGH,True,synthetic:who_cdc_rules
25.16,8.46,0.1,408.61,0.0,35.99,LOW,True,synthetic:who_cdc_rules
37.66,7.76,7.03,487.82,5.48,93.37,MEDIUM,True,synthetic:who_cdc_rules
26.28,8.81,1.18,532.11,0.0,57.86,MEDIUM,True,synthetic:who_cdc_rules
37.58,7.25,9.16,234.43,19.06,81.44,MEDIUM,True,synthetic:who_cdc_rules
21.7,7.11,0.1,389.14,21.15,49.71,LOW,True,synthetic:who_cdc_rules
26.96,6.21,5.63,130.21,16.97,52.54,MEDIUM,True,synthetic:who_cdc_rules
34.7,8.94,6.76,345.8,13.91,67.33,MEDIUM,True,synthetic:who_cdc_rules
26.74,8.82,2.95,417.05,21.75,86.66,MEDIUM,True,synthetic:who_cdc_rules
34.74,7.76,4.89,528.51,0.0,45.46,LOW,True,synthetic:who_cdc_rules
30.72,6.59,7.47,50.0,1.56,92.06,MEDIUM,True,synthetic:who_cdc_rules
24.01,5.7,9.52,577.37,47.63,77.67,LOW,True,synthetic:who_cdc_rules
23.45,8.82,0.62,301.52,27.27,60.02,MEDIUM,True,synthetic:who_cdc_rules
18.47,7.62,3.65,594.17,13.82,91.25,LOW,True,synthetic:who_cdc_rules
26.99,7.01,3.15,522.81,15.08,61.39,LOW,True,synthetic:who_cdc_rules
30.75,7.3,5.23,295.77,10.11,31.0,LOW,True,synthetic:who_cdc_rules
18.49,8.81,7.97,594.61,21.34,58.21,MEDIUM,True,synthetic:who_cdc_rules
26.21,5.81,0.74,479.74,1.03,50.14,MEDIUM,True,synthetic:who_cdc_rules
21.71,7.5,6.94,660.7,10.64,77.03,MEDIUM,True,synthetic:who_cdc_rules
37.7,6.89,5.8,461.92,40.61,57.09,MEDIUM,True,synthetic:who_cdc_rules
26.76,7.6,8.93,282.18,0.0,33.97,LOW,True,synthetic:who_cdc_rules
19.29,7.14,4.65,360.41,38.18,79.05,LOW,True,synthetic:who_cdc_rules
28.06,7.55,11.22,157.77,9.3,68.52,LOW,True,synthetic:who_cdc_rules
35.16,8.51,0.1,167.03,14.64,45.44,MEDIUM,True,synthetic:who_cdc_rules
27.58,7.3,2.33,197.94,45.78,33.0,MEDIUM,True,synthetic:who_cdc_rules
24.56,5.78,8.1,523.69,25.29,47.35,MEDIUM,True,synthetic:who_cdc_rules
39.15,7.71,11.26,64.15,41.07,42.9,HIGH,True,synthetic:who_cdc_rules
35.41,5.8,7.51,296.6,0.0,33.86,MEDIUM,True,synthetic:who_cdc_rules
21.97,7.21,13.04,547.05,18.74,81.59,LOW,True,synthetic:who_cdc_rules
19.17,5.81,5.87,446.4,30.01,63.15,MEDIUM,True,synthetic:who_cdc_rules
35.56,6.05,7.0,272.92,0.0,78.08,MEDIUM,True,synthetic:who_cdc_rules
24.14,5.81,7.97,731.0,6.56,54.88,MEDIUM,True,synthetic:who_cdc_rules
35.58,8.99,12.5,412.12,20.73,42.64,HIGH,True,synthetic:who_cdc_rules
36.02,6.36,8.94,358.52,34.83,78.8,MEDIUM,True,synthetic:who_cdc_rules
34.76,6.46,2.72,50.0,0.0,80.37,MEDIUM,True,synthetic:who_cdc_rules
31.18,7.5,0.1,89.71,21.23,69.29,LOW,True,synthetic:who_cdc_rules
23.11,7.91,6.72,438.88,16.58,67.94,LOW,True,synthetic:who_cdc_rules
23.28,7.71,10.28,227.85,17.96,53.65,MEDIUM,True,synthetic:who_cdc_rules
39.9,7.4,18.87,415.25,57.6,86.02,HIGH,True,synthetic:who_cdc_rules
36.95,6.16,6.85,476.03,14.11,93.27,HIGH,True,synthetic:who_cdc_rules
23.88,5.67,6.66,619.14,28.29,74.88,MEDIUM,True,synthetic:who_cdc_rules
36.98,7.99,2.39,514.18,24.57,75.51,MEDIUM,True,synthetic:who_cdc_rules
26.02,8.41,0.1,210.0,5.09,34.27,LOW,True,synthetic:who_cdc_rules
29.75,7.66,3.92,460.15,8.54,44.29,LOW,True,synthetic:who_cdc_rules
29.38,5.86,0.1,51.91,0.0,69.46,MEDIUM,True,synthetic:who_cdc_rules
33.18,5.77,6.96,192.28,50.18,60.33,MEDIUM,True,synthetic:who_cdc_rules
23.22,8.32,4.33,462.22,2.32,36.67,LOW,True,synthetic:who_cdc_rules
25.42,6.93,6.08,269.19,46.84,39.83,MEDIUM,True,synthetic:who_cdc_rules
22.53,7.28,7.16,540.94,0.0,58.92,LOW,True,synthetic:who_cdc_rules
20.35,5.94,11.31,463.62,11.64,62.52,MEDIUM,True,synthetic:who_cdc_rules
22.59,6.78,4.21,358.46,20.57,31.51,LOW,True,synthetic:who_cdc_rules
26.74,6.37,5.23,578.26,0.0,61.93,MEDIUM,True,synthetic:who_cdc_rules
25.12,6.29,0.8,584.99,0.0,81.71,MEDIUM,True,synthetic:who_cdc_rules
30.21,7.04,8.91,268.23,42.7,34.07,LOW,True,synthetic:who_cdc_rules
31.56,7.34,3.65,137.26,0.0,48.74,LOW,True,synthetic:who_cdc_rules
36.24,6.13,2.5,674.38,13.98,39.37,HIGH,True,synthetic:who_cdc_rules
29.44,8.69,4.62,53.58,15.3,53.79,MEDIUM,True,synthetic:who_cdc_rules
35.79,8.61,0.1,320.3,18.61,92.94,HIGH,True,synthetic:who_cdc_rules
28.3,8.66,6.32,144.98,0.61,91.72,MEDIUM,True,synthetic:who_cdc_rules
22.63,6.48,2.39,69.64,27.69,71.82,MEDIUM,True,synthetic:who_cdc_rules
31.4,6.64,5.68,220.02,16.14,37.6,LOW,True,synthetic:who_cdc_rules
36.98,6.48,0.1,230.79,0.0,45.38,MEDIUM,True,synthetic:who_cdc_rules
35.17,8.1,7.95,967.87,15.76,49.34,MEDIUM,True,synthetic:who_cdc_rules
20.58,6.85,11.29,746.59,0.0,61.16,MEDIUM,True,synthetic:who_cdc_rules
32.08,5.76,1.75,50.0,26.15,79.81,MEDIUM,True,synthetic:who_cdc_rules
30.88,7.75,9.68,613.28,43.14,60.28,MEDIUM,True,synthetic:who_cdc_rules
28.32,7.42,3.51,360.7,57.9,67.23,MEDIUM,True,synthetic:who_cdc_rules
35.24,6.38,5.3,662.05,15.6,66.25,HIGH,True,synthetic:who_cdc_rules
19.84,6.8,3.66,305.7,12.54,84.57,LOW,True,synthetic:who_cdc_rules
33.82,7.73,6.05,277.04,42.9,71.78,MEDIUM,True,synthetic:who_cdc_rules
30.03,8.19,4.38,601.4,32.79,41.99,MEDIUM,True,synthetic:who_cdc_rules
34.21,6.63,5.87,744.89,21.55,42.42,MEDIUM,True,synthetic:who_cdc_rules
21.73,5.71,7.01,229.05,7.66,91.11,MEDIUM,True,synthetic:who_cdc_rules
31.82,5.61,12.47,402.46,51.61,92.0,HIGH,True,synthetic:who_cdc_rules
27.24,8.76,0.1,508.1,22.9,94.79,MEDIUM,True,synthetic:who_cdc_rules
32.17,5.61,0.1,352.63,57.73,46.8,MEDIUM,True,synthetic:who_cdc_rules
30.84,8.51,8.11,630.66,19.44,68.49,HIGH,True,synthetic:who_cdc_rules
25.05,5.82,8.48,720.49,42.88,60.5,HIGH,True,synthetic:who_cdc_rules
32.6,8.82,4.97,763.83,18.64,66.12,MEDIUM,True,synthetic:who_cdc_rules
39.39,8.59,14.17,243.48,0.0,67.83,HIGH,True,synthetic:who_cdc_rules
30.91,7.64,5.38,115.55,62.74,52.95,MEDIUM,True,synthetic:who_cdc_rules
23.97,8.07,0.1,273.52,32.81,52.44,LOW,True,synthetic:who_cdc_rules
21.12,7.51,4.52,420.96,18.27,47.74,LOW,True,synthetic:who_cdc_rules
31.64,6.65,4.34,580.14,25.76,57.56,LOW,True,synthetic:who_cdc_rules
35.2,7.15,12.57,518.68,44.65,87.11,HIGH,True,synthetic:who_cdc_rules
30.59,5.88,0.1,475.08,0.0,52.18,MEDIUM,True,synthetic:who_cdc_rules
25.26,8.18,4.16,527.44,19.25,74.48,LOW,True,synthetic:who_cdc_rules
30.47,7.71,8.17,359.84,37.47,69.11,LOW,True,synthetic:who_cdc_rules
35.5,8.44,3.05,676.75,14.97,32.71,MEDIUM,True,synthetic:who_cdc_rules
36.59,5.64,0.1,50.0,34.76,92.03,HIGH,True,synthetic:who_cdc_rules
20.78,6.3,1.15,594.11,21.98,51.26,MEDIUM,True,synthetic:who_cdc_rules
19.12,8.47,11.97,433.74,6.83,31.65,MEDIUM,True,synthetic:who_cdc_rules
35.17,5.64,4.9,278.24,16.46,47.95,MEDIUM,True,synthetic:who_cdc_rules
31.09,5.59,2.72,511.07,19.49,45.39,MEDIUM,True,synthetic:who_cdc_rules
29.48,6.39,0.24,545.52,34.47,32.47,MEDIUM,True,synthetic:who_cdc_rules
19.5,7.55,0.1,193.86,0.0,40.7,LOW,True,synthetic:who_cdc_rules
33.58,8.08,15.18,475.45,34.37,89.98,MEDIUM,True,synthetic:who_cdc_rules
38.23,7.17,15.0,221.61,24.65,37.15,MEDIUM,True,synthetic:who_cdc_rules
32.13,8.91,13.06,267.51,29.01,75.28,MEDIUM,True,synthetic:who_cdc_rules
28.87,5.77,2.95,390.11,0.0,33.54,MEDIUM,True,synthetic:who_cdc_rules
28.96,6.8,5.19,481.73,0.0,87.33,MEDIUM,True,synthetic:who_cdc_rules
34.29,8.45,1.99,556.09,5.21,68.19,LOW,True,synthetic:who_cdc_rules
38.24,7.33,0.1,439.82,10.58,66.98,MEDIUM,True,synthetic:who_cdc_rules
38.39,7.6,7.16,189.18,32.7,90.8,MEDIUM,True,synthetic:who_cdc_rules
35.92,5.6,8.51,532.27,46.65,92.59,HIGH,True,synthetic:who_cdc_rules
21.25,8.82,9.45,466.61,18.79,59.77,MEDIUM,True,synthetic:who_cdc_rules
24.15,8.48,0.1,349.54,30.35,52.2,LOW,True,synthetic:who_cdc_rules
28.75,8.89,0.1,483.67,7.22,69.41,MEDIUM,True,synthetic:who_cdc_rules
36.51,8.93,7.41,699.9,55.86,91.33,HIGH,True,synthetic:who_cdc_rules
18.66,8.67,0.1,50.0,38.5,74.7,MEDIUM,True,synthetic:who_cdc_rules
31.56,7.24,11.02,256.59,26.98,39.25,LOW,True,synthetic:who_cdc_rules
22.48,8.35,3.0,208.94,20.03,57.38,LOW,True,synthetic:who_cdc_rules
37.22,8.51,0.86,50.0,21.7,86.72,HIGH,True,synthetic:who_cdc_rules
38.5,8.73,3.02,575.5,28.85,80.04,HIGH,True,synthetic:who_cdc_rules
19.79,7.21,6.19,935.98,2.47,84.07,MEDIUM,True,synthetic:who_cdc_rules
33.49,8.71,10.25,651.94,14.33,51.31,HIGH,True,synthetic:who_cdc_rules
27.14,5.72,5.44,50.0,20.29,31.66,MEDIUM,True,synthetic:who_cdc_rules
27.3,7.13,8.11,522.82,54.24,79.14,MEDIUM,True,synthetic:who_cdc_rules
23.31,6.09,4.92,222.16,25.87,45.76,MEDIUM,True,synthetic:who_cdc_rules
37.46,7.21,2.88,54.36,13.58,89.45,MEDIUM,True,synthetic:who_cdc_rules
29.13,6.41,1.53,386.81,0.0,37.92,MEDIUM,True,synthetic:who_cdc_rules
38.32,8.7,6.92,664.09,21.79,33.66,HIGH,True,synthetic:who_cdc_rules
33.67,7.79,10.25,618.45,43.4,37.45,HIGH,True,synthetic:who_cdc_rules
39.39,6.78,3.54,716.5,12.53,40.85,MEDIUM,True,synthetic:who_cdc_rules
21.51,8.26,9.77,50.0,0.0,56.23,LOW,True,synthetic:who_cdc_rules
19.53,8.53,9.37,50.0,23.83,67.58,HIGH,True,synthetic:who_cdc_rules
22.18,8.28,2.36,728.18,11.11,78.38,HIGH,True,synthetic:who_cdc_rules
18.79,7.61,4.04,817.9,0.0,40.65,MEDIUM,True,synthetic:who_cdc_rules
38.57,7.5,4.76,698.73,26.92,55.79,MEDIUM,True,synthetic:who_cdc_rules
36.52,5.53,6.39,473.13,0.0,45.9,MEDIUM,True,synthetic:who_cdc_rules
29.73,8.08,5.99,590.15,35.19,39.12,LOW,True,synthetic:who_cdc_rules
34.76,5.6,6.61,640.19,10.77,37.78,MEDIUM,True,synthetic:who_cdc_rules
30.58,7.89,1.19,763.85,40.71,76.9,MEDIUM,True,synthetic:who_cdc_rules
29.08,7.32,14.52,342.5,11.42,68.51,MEDIUM,True,synthetic:who_cdc_rules
32.3,8.67,7.33,118.57,0.0,79.68,MEDIUM,True,synthetic:who_cdc_rules
21.31,7.77,0.1,464.01,33.17,83.77,LOW,True,synthetic:who_cdc_rules
29.84,5.8,0.1,50.0,5.45,84.67,MEDIUM,True,synthetic:who_cdc_rules
27.38,8.2,15.09,680.44,4.3,86.81,MEDIUM,True,synthetic:who_cdc_rules
24.69,6.15,12.32,402.67,15.17,44.71,MEDIUM,True,synthetic:who_cdc_rules
34.94,7.8,7.13,696.5,0.0,36.13,MEDIUM,True,synthetic:who_cdc_rules
39.35,8.65,0.1,434.0,7.38,88.16,HIGH,True,synthetic:who_cdc_rules
35.58,7.74,10.81,261.62,0.0,36.67,MEDIUM,True,synthetic:who_cdc_rules
30.99,7.75,0.1,385.69,44.25,38.44,MEDIUM,True,synthetic:who_cdc_rules
29.88,6.93,5.48,115.45,23.21,74.3,LOW,True,synthetic:who_cdc_rules
36.02,6.86,3.69,213.76,14.66,39.14,MEDIUM,True,synthetic:who_cdc_rules
23.99,6.71,6.98,271.16,1.67,68.27,LOW,True,synthetic:who_cdc_rules
32.11,7.62,10.78,50.0,14.93,42.24,MEDIUM,True,synthetic:who_cdc_rules
34.49,7.67,0.69,554.81,9.07,64.28,LOW,True,synthetic:who_cdc_rules
31.74,6.18,9.05,182.62,0.0,65.14,MEDIUM,True,synthetic:who_cdc_rules
23.81,6.99,14.62,50.0,12.4,40.46,MEDIUM,True,synthetic:who_cdc_rules
18.21,7.54,3.11,279.89,32.9,33.6,LOW,True,synthetic:who_cdc_rules
39.36,5.7,7.2,185.23,15.49,43.92,MEDIUM,True,synthetic:who_cdc_rules
19.09,8.21,11.53,549.75,16.88,38.46,MEDIUM,True,synthetic:who_cdc_rules
20.09,6.47,1.42,348.29,24.58,35.64,HIGH,True,synthetic:who_cdc_rules
22.18,6.05,6.48,125.25,8.25,56.98,MEDIUM,True,synthetic:who_cdc_rules
36.47,7.39,8.12,734.86,32.46,60.46,MEDIUM,True,synthetic:who_cdc_rules
27.44,6.93,8.95,188.58,0.0,80.14,LOW,True,synthetic:who_cdc_rules
34.92,5.9,10.62,620.33,6.12,71.69,HIGH,True,synthetic:who_cdc_rules
32.19,7.91,11.87,698.12,37.75,38.25,MEDIUM,True,synthetic:who_cdc_rules
33.14,7.75,12.81,411.04,11.35,78.55,MEDIUM,True,synthetic:who_cdc_rules
21.93,8.92,3.3,164.76,28.51,33.65,HIGH,True,synthetic:who_cdc_rules
28.07,6.11,8.96,571.0,16.59,50.84,MEDIUM,True,synthetic:who_cdc_rules
36.0,7.37,7.89,561.34,0.0,89.34,MEDIUM,True,synthetic:who_cdc_rules
33.01,8.77,0.59,402.4,25.5,76.47,MEDIUM,True,synthetic:who_cdc_rules
35.86,8.73,4.48,130.83,12.31,39.39,MEDIUM,True,synthetic:who_cdc_rules
21.39,8.41,5.32,223.83,14.67,84.34,LOW,True,synthetic:who_cdc_rules
30.44,6.75,3.6,410.55,20.35,63.78,LOW,True,synthetic:who_cdc_rules
38.6,8.43,2.23,687.07,36.84,55.94,MEDIUM,True,synthetic:who_cdc_rules
19.7,8.51,9.55,632.85,37.3,59.61,MEDIUM,True,synthetic:who_cdc_rules
26.03,8.53,0.1,378.53,9.37,62.68,MEDIUM,True,synthetic:who_cdc_rules
24.59,5.66,0.1,503.63,8.23,54.52,MEDIUM,True,synthetic:who_cdc_rules
29.44,7.18,9.25,200.93,19.15,63.45,LOW,True,synthetic:who_cdc_rules
33.76,8.95,0.1,243.23,0.0,90.42,MEDIUM,True,synthetic:who_cdc_rules
31.87,6.52,11.93,551.89,32.47,39.79,MEDIUM,True,synthetic:who_cdc_rules
23.98,8.93,8.23,218.57,32.19,75.87,MEDIUM,True,synthetic:who_cdc_rules
25.72,7.37,7.13,595.18,0.0,65.91,LOW,True,synthetic:who_cdc_rules
28.23,8.89,14.17,425.36,0.0,94.85,HIGH,True,synthetic:who_cdc_rules
23.19,7.18,9.0,320.7,5.95,63.02,LOW,True,synthetic:who_cdc_rules
33.6,6.56,10.04,295.26,0.0,45.2,MEDIUM,True,synthetic:who_cdc_rules
22.57,7.19,4.75,179.32,0.0,63.09,LOW,True,synthetic:who_cdc_rules
30.3,8.03,0.1,370.67,22.75,91.25,MEDIUM,True,synthetic:who_cdc_rules
31.03,8.01,1.2,278.69,11.32,88.02,MEDIUM,True,synthetic:who_cdc_rules
21.56,7.29,6.87,142.48,20.48,84.6,LOW,True,synthetic:who_cdc_rules
30.91,8.87,0.1,357.29,29.33,85.47,MEDIUM,True,synthetic:who_cdc_rules
35.23,5.92,5.31,483.48,27.32,69.92,MEDIUM,True,synthetic:who_cdc_rules
18.9,8.41,5.42,307.01,0.0,31.51,LOW,True,synthetic:who_cdc_rules
30.3,6.96,10.14,339.76,51.33,30.29,MEDIUM,True,synthetic:who_cdc_rules
19.48,8.53,5.62,319.47,14.81,45.96,MEDIUM,True,synthetic:who_cdc_rules
28.59,5.56,2.31,755.41,4.93,72.16,MEDIUM,True,synthetic:who_cdc_rules
33.85,6.27,11.04,565.67,12.75,48.36,MEDIUM,True,synthetic:who_cdc_rules
31.52,8.65,2.96,281.41,31.25,83.99,MEDIUM,True,synthetic:who_cdc_rules
26.15,6.03,14.41,506.29,15.82,93.62,MEDIUM,True,synthetic:who_cdc_rules
38.46,8.86,2.19,547.78,5.2,53.67,MEDIUM,True,synthetic:who_cdc_rules
19.22,8.05,11.21,231.42,26.78,84.93,MEDIUM,True,synthetic:who_cdc_rules
37.63,7.72,0.1,330.14,31.7,37.02,MEDIUM,True,synthetic:who_cdc_rules
23.08,5.79,10.77,317.27,53.22,38.7,HIGH,True,synthetic:who_cdc_rules
27.91,6.37,6.47,158.26,0.0,51.5,MEDIUM,True,synthetic:who_cdc_rules
26.24,6.59,1.63,300.13,10.27,35.58,LOW,True,synthetic:who_cdc_rules
35.16,8.2,0.1,453.49,0.0,65.07,MEDIUM,True,synthetic:who_cdc_rules
23.7,8.79,1.28,56.92,30.87,57.17,MEDIUM,True,synthetic:who_cdc_rules
31.78,8.22,13.24,440.76,4.75,82.03,MEDIUM,True,synthetic:who_cdc_rules
35.58,8.21,14.37,183.84,31.15,37.78,MEDIUM,True,synthetic:who_cdc_rules
39.86,6.86,3.34,601.53,38.42,91.38,HIGH,True,synthetic:who_cdc_rules
18.08,8.04,0.41,845.53,17.81,58.61,MEDIUM,True,synthetic:who_cdc_rules
26.51,7.79,3.06,426.29,0.0,68.59,LOW,True,synthetic:who_cdc_rules
39.22,5.63,9.38,311.93,0.0,75.15,MEDIUM,True,synthetic:who_cdc_rules
35.04,8.16,3.78,448.57,0.0,60.71,MEDIUM,True,synthetic:who_cdc_rules
35.62,7.74,7.32,53.96,10.26,56.73,MEDIUM,True,synthetic:who_cdc_rules
19.06,5.84,12.2,203.36,28.89,59.62,MEDIUM,True,synthetic:who_cdc_rules
18.41,8.56,8.6,487.45,5.65,57.29,MEDIUM,True,synthetic:who_cdc_rules
20.39,6.61,7.71,367.09,0.0,86.93,LOW,True,synthetic:who_cdc_rules
35.3,7.59,0.1,89.28,36.02,62.75,MEDIUM,True,synthetic:who_cdc_rules
24.29,6.65,5.86,95.8,9.41,70.84,LOW,True,synthetic:who_cdc_rules
34.29,8.15,0.1,350.78,30.73,32.3,LOW,True,synthetic:who_cdc_rules
28.21,6.83,4.38,446.58,0.12,40.23,LOW,True,synthetic:who_cdc_rules
39.91,8.86,0.1,558.21,9.05,38.89,MEDIUM,True,synthetic:who_cdc_rules
18.64,6.87,7.05,490.83,12.39,52.19,LOW,True,synthetic:who_cdc_rules
19.59,6.2,7.79,605.86,57.43,60.75,HIGH,True,synthetic:who_cdc_rules
35.51,7.83,15.68,413.86,0.0,75.21,MEDIUM,True,synthetic:who_cdc_rules
19.95,8.64,10.25,551.54,39.39,50.2,MEDIUM,True,synthetic:who_cdc_rules
18.19,7.8,0.2,600.7,23.74,59.8,MEDIUM,True,synthetic:who_cdc_rules
31.49,6.28,0.1,446.33,0.0,45.53,MEDIUM,True,synthetic:who_cdc_rules
30.78,7.86,5.49,738.1,54.05,44.15,MEDIUM,True,synthetic:who_cdc_rules
37.17,7.58,9.06,974.22,8.92,92.26,HIGH,True,synthetic:who_cdc_rules
36.41,8.21,9.2,105.93,3.08,51.7,MEDIUM,True,synthetic:who_cdc_rules
24.12,8.62,7.09,548.37,4.73,88.77,MEDIUM,True,synthetic:who_cdc_rules
23.22,6.29,3.21,306.5,15.45,54.9,HIGH,True,synthetic:who_cdc_rules
29.2,6.15,11.18,425.94,0.0,52.56,MEDIUM,True,synthetic:who_cdc_rules
30.63,7.95,0.1,404.52,0.0,91.5,MEDIUM,True,synthetic:who_cdc_rules
38.59,7.11,8.28,352.83,12.78,61.32,MEDIUM,True,synthetic:who_cdc_rules
23.48,6.81,3.11,328.64,20.96,88.42,LOW,True,synthetic:who_cdc_rules
25.36,7.29,4.87,759.98,0.0,35.94,MEDIUM,True,synthetic:who_cdc_rules
18.49,5.84,7.07,514.55,3.99,70.98,MEDIUM,True,synthetic:who_cdc_rules
21.66,6.53,0.1,669.27,18.13,37.81,MEDIUM,True,synthetic:who_cdc_rules
37.73,6.04,2.4,505.8,17.18,94.03,HIGH,True,synthetic:who_cdc_rules
36.31,6.05,4.35,448.4,27.44,72.07,MEDIUM,True,synthetic:who_cdc_rules
38.08,8.4,4.82,50.0,6.44,69.55,MEDIUM,True,synthetic:who_cdc_rules
31.69,6.84,0.95,220.8,27.67,44.28,LOW,True,synthetic:who_cdc_rules
22.89,7.89,6.93,381.12,0.0,88.74,LOW,True,synthetic:who_cdc_rules
39.05,6.04,5.14,392.76,3.35,52.72,MEDIUM,True,synthetic:who_cdc_rules
35.76,8.4,2.73,407.0,19.35,75.83,MEDIUM,True,synthetic:who_cdc_rules
33.44,8.49,17.5,371.19,30.94,64.19,MEDIUM,True,synthetic:who_cdc_rules
39.57,6.89,6.72,597.15,31.35,65.74,MEDIUM,True,synthetic:who_cdc_rules
27.86,6.04,4.21,50.87,25.61,44.12,MEDIUM,True,synthetic:who_cdc_rules
32.49,5.94,0.1,502.69,13.94,57.53,MEDIUM,True,synthetic:who_cdc_rules
38.54,6.54,0.78,401.48,4.98,59.79,MEDIUM,True,synthetic:who_cdc_rules
37.37,6.67,11.46,847.02,0.0,43.95,HIGH,True,synthetic:who_cdc_rules
28.81,7.74,0.1,666.39,0.0,33.99,MEDIUM,True,synthetic:who_cdc_rules
26.76,7.36,7.49,364.99,40.81,71.73,MEDIUM,True,synthetic:who_cdc_rules
35.13,6.63,16.06,546.55,42.55,54.85,HIGH,True,synthetic:who_cdc_rules
27.73,7.44,5.97,492.38,0.0,36.48,LOW,True,synthetic:who_cdc_rules
31.53,7.5,8.02,644.29,0.0,53.88,MEDIUM,True,synthetic:who_cdc_rules
27.21,7.59,2.06,256.87,0.0,36.12,LOW,True,synthetic:who_cdc_rules
28.22,8.97,4.69,627.43,0.0,71.27,MEDIUM,True,synthetic:who_cdc_rules
36.02,5.94,12.09,502.51,49.06,70.22,HIGH,True,synthetic:who_cdc_rules
31.19,8.22,1.56,507.3,0.03,69.14,LOW,True,synthetic:who_cdc_rules
37.74,8.19,2.56,50.0,0.0,71.85,MEDIUM,True,synthetic:who_cdc_rules
24.81,6.63,5.37,512.17,31.36,63.81,LOW,True,synthetic:who_cdc_rules
20.57,6.67,13.59,331.38,51.24,93.57,MEDIUM,True,synthetic:who_cdc_rules
23.85,5.63,12.23,419.69,38.8,57.72,MEDIUM,True,synthetic:who_cdc_rules
26.38,8.26,7.58,373.62,30.97,86.52,LOW,True,synthetic:who_cdc_rules
35.15,6.77,3.07,50.0,0.0,56.63,MEDIUM,True,synthetic:who_cdc_rules
39.22,8.46,4.03,608.38,0.63,49.15,MEDIUM,True,synthetic:who_cdc_rules
34.36,6.34,12.24,247.3,11.24,36.11,MEDIUM,True,synthetic:who_cdc_rules
19.16,8.47,10.75,564.81,21.5,32.77,MEDIUM,True,synthetic:who_cdc_rules
25.9,8.75,0.55,191.78,0.0,33.36,HIGH,True,synthetic:who_cdc_rules
26.94,8.74,7.43,798.68,0.0,67.35,MEDIUM,True,synthetic:who_cdc_rules
27.48,5.6,0.1,50.0,23.51,55.56,MEDIUM,True,synthetic:who_cdc_rules
39.78,7.18,6.01,278.36,15.92,80.43,MEDIUM,True,synthetic:who_cdc_rules
20.18,8.78,2.85,111.38,17.87,57.05,MEDIUM,True,synthetic:who_cdc_rules
20.21,8.96,11.58,300.54,39.58,93.88,MEDIUM,True,synthetic:who_cdc_rules
39.8,5.73,3.8,149.02,0.0,86.2,HIGH,True,synthetic:who_cdc_rules
30.72,7.33,10.05,543.59,0.0,71.54,MEDIUM,True,synthetic:who_cdc_rules
34.36,8.53,7.98,265.17,40.38,60.48,MEDIUM,True,synthetic:who_cdc_rules
20.41,7.23,4.11,311.57,27.46,41.36,LOW,True,synthetic:who_cdc_rules
30.6,8.02,7.38,291.94,43.1,85.44,MEDIUM,True,synthetic:who_cdc_rules
31.2,7.19,3.16,248.19,0.0,78.18,HIGH,True,synthetic:who_cdc_rules
39.88,8.95,4.75,417.81,35.77,67.84,MEDIUM,True,synthetic:who_cdc_rules
39.43,6.21,6.31,178.92,28.89,51.02,MEDIUM,True,synthetic:who_cdc_rules
18.48,7.01,8.73,456.11,0.0,30.07,MEDIUM,True,synthetic:who_cdc_rules
29.07,6.93,10.64,445.61,0.0,87.51,MEDIUM,True,synthetic:who_cdc_rules
18.65,8.45,8.79,525.53,19.33,84.2,LOW,True,synthetic:who_cdc_rules
33.92,7.12,13.77,182.33,13.43,94.83,MEDIUM,True,synthetic:who_cdc_rules
27.82,7.15,0.1,411.3,0.0,52.81,LOW,True,synthetic:who_cdc_rules
18.06,6.29,0.1,547.07,5.03,84.9,MEDIUM,True,synthetic:who_cdc_rules
25.7,8.51,6.14,611.06,25.48,68.69,MEDIUM,True,synthetic:who_cdc_rules
35.42,6.24,0.1,553.62,45.17,58.96,HIGH,True,synthetic:who_cdc_rules
20.37,7.77,6.64,445.09,16.27,42.22,LOW,True,synthetic:who_cdc_rules
18.6,8.79,1.76,62.63,18.61,63.92,MEDIUM,True,synthetic:who_cdc_rules
32.15,5.88,5.32,361.38,9.17,64.87,MEDIUM,True,synthetic:who_cdc_rules
32.91,7.33,5.48,167.52,35.08,31.93,LOW,True,synthetic:who_cdc_rules
22.41,7.6,6.66,223.14,0.0,42.1,LOW,True,synthetic:who_cdc_rules
34.69,8.63,0.1,388.53,1.75,80.06,MEDIUM,True,synthetic:who_cdc_rules
18.35,6.93,13.34,318.32,8.88,59.24,MEDIUM,True,synthetic:who_cdc_rules
18.57,5.64,1.57,561.06,0.0,30.5,MEDIUM,True,synthetic:who_cdc_rules
20.7,8.0,12.33,757.72,39.69,64.72,MEDIUM,True,synthetic:who_cdc_rules
18.77,7.83,0.1,440.4,20.18,47.47,LOW,True,synthetic:who_cdc_rules
35.55,5.52,0.51,240.04,24.19,41.87,MEDIUM,True,synthetic:who_cdc_rules
27.89,6.83,9.88,638.61,27.64,88.29,MEDIUM,True,synthetic:who_cdc_rules
36.11,5.56,10.6,190.94,13.62,69.9,HIGH,True,synthetic:who_cdc_rules
34.93,8.05,0.1,462.22,0.0,41.25,LOW,True,synthetic:who_cdc_rules
18.07,8.22,2.01,584.38,29.35,63.09,LOW,True,synthetic:who_cdc_rules
28.85,6.16,10.31,50.0,35.16,84.94,HIGH,True,synthetic:who_cdc_rules
27.11,5.85,0.1,185.9,5.24,35.67,MEDIUM,True,synthetic:who_cdc_rules
21.51,8.65,11.28,272.22,10.23,63.62,MEDIUM,True,synthetic:who_cdc_rules
22.11,6.51,5.1,438.79,10.69,38.68,LOW,True,synthetic:who_cdc_rules
39.4,5.92,0.13,324.92,34.82,35.08,MEDIUM,True,synthetic:who_cdc_rules
36.73,7.99,6.91,616.6,2.2,33.8,MEDIUM,True,synthetic:who_cdc_rules
27.79,6.57,0.91,512.04,17.86,34.04,LOW,True,synthetic:who_cdc_rules
19.19,7.93,5.46,336.52,21.14,38.82,LOW,True,synthetic:who_cdc_rules
28.44,6.94,3.17,50.0,19.21,60.84,LOW,True,synthetic:who_cdc_rules
22.86,7.16,0.1,331.67,0.0,94.64,LOW,True,synthetic:who_cdc_rules
36.55,6.54,0.1,101.77,27.62,76.68,MEDIUM,True,synthetic:who_cdc_rules
27.85,6.31,5.43,454.2,0.0,43.62,MEDIUM,True,synthetic:who_cdc_rules
31.39,8.31,1.66,271.19,1.67,64.42,LOW,True,synthetic:who_cdc_rules
22.12,8.96,3.02,607.79,1.4,91.58,MEDIUM,True,synthetic:who_cdc_rules
37.9,7.38,4.54,256.52,46.56,68.08,MEDIUM,True,synthetic:who_cdc_rules
30.96,7.4,15.18,70.83,48.25,74.75,HIGH,True,synthetic:who_cdc_rules
30.6,7.08,8.32,507.69,6.03,68.42,LOW,True,synthetic:who_cdc_rules
31.71,8.99,4.64,442.92,0.0,88.57,MEDIUM,True,synthetic:who_cdc_rules
23.1,8.13,2.1,205.79,11.09,68.83,LOW,True,synthetic:who_cdc_rules
35.76,6.39,4.0,204.08,8.23,83.12,HIGH,True,synthetic:who_cdc_rules
36.87,6.54,7.75,550.03,4.05,32.36,MEDIUM,True,synthetic:who_cdc_rules
33.92,8.58,3.94,517.16,0.0,37.1,MEDIUM,True,synthetic:who_cdc_rules
25.18,8.77,5.59,166.17,0.0,68.79,MEDIUM,True,synthetic:who_cdc_rules
28.93,8.95,2.34,734.5,26.58,34.22,MEDIUM,True,synthetic:who_cdc_rules
25.35,7.43,7.4,305.99,16.9,58.24,LOW,True,synthetic:who_cdc_rules
21.79,5.67,5.42,362.95,16.95,40.58,MEDIUM,True,synthetic:who_cdc_rules
25.04,6.09,0.1,663.19,0.0,70.01,MEDIUM,True,synthetic:who_cdc_rules
30.36,7.23,5.45,596.71,17.95,34.16,LOW,True,synthetic:who_cdc_rules
33.98,8.01,1.77,194.67,0.0,35.5,LOW,True,synthetic:who_cdc_rules
18.36,8.22,5.25,397.67,0.0,59.58,LOW,True,synthetic:who_cdc_rules
26.88,6.83,0.59,737.83,29.48,65.52,HIGH,True,synthetic:who_cdc_rules
32.72,8.84,12.77,567.72,23.47,65.75,LOW,True,synthetic:who_cdc_rules
28.03,8.92,0.86,547.28,27.19,42.65,MEDIUM,True,synthetic:who_cdc_rules
38.39,5.85,5.32,506.99,49.67,43.78,HIGH,True,synthetic:who_cdc_rules
28.81,6.53,8.59,806.14,7.48,35.09,MEDIUM,True,synthetic:who_cdc_rules
24.45,7.3,2.93,482.95,33.94,93.71,MEDIUM,True,synthetic:who_cdc_rules
34.56,8.5,2.04,893.92,2.25,45.89,MEDIUM,True,synthetic:who_cdc_rules
21.62,7.48,12.85,399.35,0.0,56.62,MEDIUM,True,synthetic:who_cdc_rules
27.87,8.63,12.03,441.02,0.0,84.95,MEDIUM,True,synthetic:who_cdc_rules
35.67,8.17,0.1,622.98,26.88,84.79,HIGH,True,synthetic:who_cdc_rules
36.62,5.75,9.4,703.6,41.03,35.25,HIGH,True,synthetic:who_cdc_rules
27.5,8.66,0.1,223.84,0.23,94.01,MEDIUM,True,synthetic:who_cdc_rules
27.47,7.84,3.49,427.09,0.0,55.68,LOW,True,synthetic:who_cdc_rules
27.86,9.0,8.78,314.71,43.58,61.59,MEDIUM,True,synthetic:who_cdc_rules
32.09,6.62,5.39,709.92,0.0,62.52,MEDIUM,True,synthetic:who_cdc_rules
35.46,6.3,3.97,322.13,18.49,81.35,HIGH,True,synthetic:who_cdc_rules
26.66,7.14,13.67,229.71,11.13,84.68,MEDIUM,True,synthetic:who_cdc_rules
30.01,6.16,10.28,295.96,10.24,30.89,MEDIUM,True,synthetic:who_cdc_rules
25.07,5.56,13.65,499.48,33.77,65.78,MEDIUM,True,synthetic:who_cdc_rules
39.24,6.18,0.1,392.97,25.3,76.0,MEDIUM,True,synthetic:who_cdc_rules
30.72,7.64,13.03,759.37,17.0,40.88,MEDIUM,True,synthetic:who_cdc_rules
35.55,5.66,22.14,56.7,0.0,77.53,HIGH,True,synthetic:who_cdc_rules
23.48,5.54,3.88,173.7,0.0,66.64,LOW,True,synthetic:who_cdc_rules
18.26,6.34,13.34,625.43,0.0,60.32,HIGH,True,synthetic:who_cdc_rules
36.06,8.86,13.59,415.55,13.25,49.47,HIGH,True,synthetic:who_cdc_rules
36.17,7.38,0.1,264.59,0.0,67.08,MEDIUM,True,synthetic:who_cdc_rules
30.23,7.83,9.64,605.12,33.71,62.94,MEDIUM,True,synthetic:who_cdc_rules
28.15,6.51,3.34,585.06,5.44,40.1,LOW,True,synthetic:who_cdc_rules
37.9,8.08,7.87,504.21,7.28,84.34,MEDIUM,True,synthetic:who_cdc_rules
30.19,8.91,0.1,511.05,8.15,51.26,MEDIUM,True,synthetic:who_cdc_rules
35.9,8.73,13.97,731.09,5.75,36.59,HIGH,True,synthetic:who_cdc_rules
31.11,6.6,12.5,509.69,0.0,86.35,MEDIUM,True,synthetic:who_cdc_rules
23.87,7.16,12.28,289.85,34.37,52.09,MEDIUM,True,synthetic:who_cdc_rules
38.43,6.52,9.43,50.0,22.92,88.49,MEDIUM,True,synthetic:who_cdc_rules
31.97,8.2,7.75,821.01,46.31,93.04,HIGH,True,synthetic:who_cdc_rules
28.66,8.25,4.76,377.58,38.75,91.52,MEDIUM,True,synthetic:who_cdc_rules
28.1,6.59,0.1,352.18,25.59,64.37,LOW,True,synthetic:who_cdc_rules
31.27,7.39,9.48,647.47,9.04,78.88,MEDIUM,True,synthetic:who_cdc_rules
34.78,8.7,14.24,775.71,0.0,89.34,HIGH,True,synthetic:who_cdc_rules
25.78,8.28,5.7,256.51,5.25,50.76,LOW,True,synthetic:who_cdc_rules
39.78,7.72,0.1,135.38,52.09,38.45,MEDIUM,True,synthetic:who_cdc_rules
19.29,5.63,5.6,109.0,8.89,71.16,MEDIUM,True,synthetic:who_cdc_rules
39.33,8.27,0.1,668.92,38.58,60.55,MEDIUM,True,synthetic:who_cdc_rules
36.47,8.9,5.63,50.0,32.42,49.63,MEDIUM,True,synthetic:who_cdc_rules
24.65,6.31,9.96,921.19,19.08,52.58,MEDIUM,True,synthetic:who_cdc_rules
28.65,8.47,8.92,334.84,0.0,61.24,LOW,True,synthetic:who_cdc_rules
32.22,8.4,8.3,627.5,20.39,52.09,MEDIUM,True,synthetic:who_cdc_rules
21.3,8.68,1.97,925.12,16.42,67.37,MEDIUM,True,synthetic:who_cdc_rules
28.47,7.59,5.63,758.1,0.0,60.59,MEDIUM,True,synthetic:who_cdc_rules
36.62,6.32,0.1,742.51,0.42,94.84,HIGH,True,synthetic:who_cdc_rules
19.31,6.11,0.1,132.33,21.58,55.04,MEDIUM,True,synthetic:who_cdc_rules
35.14,6.06,7.16,277.82,0.0,88.19,HIGH,True,synthetic:who_cdc_rules
34.54,6.83,16.76,574.79,8.82,85.24,MEDIUM,True,synthetic:who_cdc_rules
27.3,7.39,3.61,50.0,0.0,48.19,LOW,True,synthetic:who_cdc_rules
23.75,5.59,9.04,295.41,19.14,62.21,MEDIUM,True,synthetic:who_cdc_rules
37.39,6.49,0.1,179.38,41.87,82.81,HIGH,True,synthetic:who_cdc_rules
30.19,7.3,17.53,50.0,14.22,70.55,MEDIUM,True,synthetic:who_cdc_rules
36.21,6.96,7.82,596.51,44.8,71.72,LOW,True,synthetic:who_cdc_rules
24.89,8.08,18.09,793.57,13.86,36.22,MEDIUM,True,synthetic:who_cdc_rules
19.67,6.64,0.96,452.76,7.36,33.02,LOW,True,synthetic:who_cdc_rules
39.74,8.43,6.61,495.14,0.0,53.28,MEDIUM,True,synthetic:who_cdc_rules
27.03,5.64,15.23,209.3,0.0,53.24,MEDIUM,True,synthetic:who_cdc_rules
29.03,6.58,0.1,838.92,0.0,30.33,MEDIUM,True,synthetic:who_cdc_rules
24.17,7.39,0.25,140.74,11.23,30.76,LOW,True,synthetic:who_cdc_rules
39.6,6.63,15.0,661.29,30.26,86.33,HIGH,True,synthetic:who_cdc_rules
18.72,6.71,7.89,605.85,0.0,42.05,MEDIUM,True,synthetic:who_cdc_rules
34.79,6.62,2.81,509.73,9.16,49.99,LOW,True,synthetic:who_cdc_rules
19.0,6.46,0.1,174.44,0.0,39.3,MEDIUM,True,synthetic:who_cdc_rules
32.82,7.44,11.1,418.43,18.54,88.02,MEDIUM,True,synthetic:who_cdc_rules
31.02,8.38,5.35,532.79,50.65,45.68,MEDIUM,True,synthetic:who_cdc_rules
32.54,7.43,6.66,488.55,0.0,82.38,MEDIUM,True,synthetic:who_cdc_rules
22.14,6.45,6.43,476.83,1.04,88.95,MEDIUM,True,synthetic:who_cdc_rules
37.41,6.59,8.45,345.07,0.0,54.97,LOW,True,synthetic:who_cdc_rules
31.83,6.07,4.0,206.99,48.01,63.05,MEDIUM,True,synthetic:who_cdc_rules
27.89,7.08,18.13,714.16,34.72,49.85,MEDIUM,True,synthetic:who_cdc_rules
19.36,7.51,5.5,617.29,19.38,57.17,HIGH,True,synthetic:who_cdc_rules
24.51,7.68,9.59,414.18,21.97,40.99,LOW,True,synthetic:who_cdc_rules
38.72,6.58,15.59,289.27,56.07,55.16,HIGH,True,synthetic:who_cdc_rules
29.05,7.78,3.35,603.1,53.4,60.93,MEDIUM,True,synthetic:who_cdc_rules
26.31,6.01,6.68,476.06,0.0,72.33,MEDIUM,True,synthetic:who_cdc_rules
31.93,6.08,6.22,210.04,0.0,39.95,MEDIUM,True,synthetic:who_cdc_rules
18.03,5.75,0.1,288.6,8.82,70.75,HIGH,True,synthetic:who_cdc_rules
37.54,7.74,8.68,326.86,0.0,55.45,MEDIUM,True,synthetic:who_cdc_rules
21.1,6.41,6.95,110.12,0.0,51.82,MEDIUM,True,synthetic:who_cdc_rules
24.27,6.01,4.62,298.48,17.78,46.06,MEDIUM,True,synthetic:who_cdc_rules
36.14,6.97,9.19,530.11,10.43,83.59,MEDIUM,True,synthetic:who_cdc_rules
21.02,5.57,10.91,370.77,30.22,73.27,MEDIUM,True,synthetic:who_cdc_rules
19.02,8.35,6.11,201.64,8.81,40.27,LOW,True,synthetic:who_cdc_rules
34.93,6.22,8.7,770.4,0.0,61.3,MEDIUM,True,synthetic:who_cdc_rules
24.28,8.89,6.36,370.4,14.82,42.56,MEDIUM,True,synthetic:who_cdc_rules
26.16,8.71,7.18,629.92,0.0,81.41,MEDIUM,True,synthetic:who_cdc_rules
26.04,7.09,5.07,564.79,24.06,60.37,LOW,True,synthetic:who_cdc_rules
28.38,8.92,3.66,434.17,29.74,30.07,MEDIUM,True,synthetic:who_cdc_rules
19.01,7.36,17.99,359.19,13.83,72.22,MEDIUM,True,synthetic:who_cdc_rules
29.15,7.9,4.38,423.21,24.42,61.61,LOW,True,synthetic:who_cdc_rules
20.36,8.49,3.13,556.04,66.48,70.13,MEDIUM,True,synthetic:who_cdc_rules
29.23,7.05,6.33,170.56,4.05,49.61,LOW,True,synthetic:who_cdc_rules
19.32,7.96,2.72,660.21,0.0,74.09,MEDIUM,True,synthetic:who_cdc_rules
20.03,7.68,9.39,323.12,15.31,36.17,LOW,True,synthetic:who_cdc_rules
31.73,6.3,0.1,309.46,34.98,81.41,MEDIUM,True,synthetic:who_cdc_rules
28.34,5.61,8.53,248.2,19.64,31.94,MEDIUM,True,synthetic:who_cdc_rules
22.45,5.86,4.67,642.46,27.35,36.69,MEDIUM,True,synthetic:who_cdc_rules
24.17,8.62,0.1,547.35,18.32,66.43,MEDIUM,True,synthetic:who_cdc_rules
39.45,5.93,13.9,677.19,14.24,59.59,HIGH,True,synthetic:who_cdc_rules
38.22,6.68,6.69,479.79,14.78,44.49,MEDIUM,True,synthetic:who_cdc_rules
31.73,7.65,7.03,382.12,0.0,69.93,LOW,True,synthetic:who_cdc_rules
39.62,8.3,12.72,84.33,14.01,40.77,MEDIUM,True,synthetic:who_cdc_rules
34.1,6.14,5.33,536.09,4.51,73.76,MEDIUM,True,synthetic:who_cdc_rules
24.18,8.91,6.38,700.39,0.0,71.64,MEDIUM,True,synthetic:who_cdc_rules
24.9,7.24,9.94,181.38,25.42,90.04,LOW,True,synthetic:who_cdc_rules
25.21,5.78,6.37,641.26,0.0,39.63,MEDIUM,True,synthetic:who_cdc_rules
22.67,5.74,7.3,651.68,28.58,86.57,MEDIUM,True,synthetic:who_cdc_rules
38.62,6.22,14.55,304.71,0.0,59.06,HIGH,True,synthetic:who_cdc_rules
36.22,6.35,0.1,544.88,27.41,44.07,MEDIUM,True,synthetic:who_cdc_rules
31.14,7.64,10.79,372.69,0.0,80.58,MEDIUM,True,synthetic:who_cdc_rules
18.27,7.37,7.54,684.51,0.0,69.23,MEDIUM,True,synthetic:who_cdc_rules
21.13,7.58,0.59,399.77,60.11,37.51,MEDIUM,True,synthetic:who_cdc_rules
21.03,6.91,12.03,510.34,0.0,35.28,MEDIUM,True,synthetic:who_cdc_rules
25.52,8.55,9.77,570.83,14.06,72.93,MEDIUM,True,synthetic:who_cdc_rules
38.0,7.64,1.75,530.98,16.97,58.14,MEDIUM,True,synthetic:who_cdc_rules
20.34,6.29,7.2,298.5,0.0,78.95,MEDIUM,True,synthetic:who_cdc_rules
27.83,6.11,4.59,212.12,23.29,33.99,MEDIUM,True,synthetic:who_cdc_rules
26.84,6.77,6.65,505.69,47.46,75.59,MEDIUM,True,synthetic:who_cdc_rules
29.72,5.75,7.71,572.88,22.37,71.42,MEDIUM,True,synthetic:who_cdc_rules
24.08,8.25,13.54,335.65,0.0,45.72,MEDIUM,True,synthetic:who_cdc_rules
34.9,5.57,7.67,447.32,17.35,86.17,MEDIUM,True,synthetic:who_cdc_rules
23.64,5.92,11.09,155.53,20.47,65.11,MEDIUM,True,synthetic:who_cdc_rules
28.56,6.63,7.03,247.71,4.88,75.0,LOW,True,synthetic:who_cdc_rules
32.06,8.96,6.47,565.7,0.0,90.44,MEDIUM,True,synthetic:who_cdc_rules
31.2,6.4,5.33,181.16,31.75,50.71,LOW,True,synthetic:who_cdc_rules
33.59,7.29,3.79,310.75,7.52,90.51,MEDIUM,True,synthetic:who_cdc_rules
27.06,5.7,7.36,293.16,34.35,73.8,MEDIUM,True,synthetic:who_cdc_rules
20.22,7.93,4.16,362.87,9.32,70.38,LOW,True,synthetic:who_cdc_rules
31.66,8.53,8.38,438.15,32.92,79.29,MEDIUM,True,synthetic:who_cdc_rules
25.99,7.39,12.83,307.91,0.0,61.26,LOW,True,synthetic:who_cdc_rules
22.08,5.8,7.97,171.89,4.64,79.9,MEDIUM,True,synthetic:who_cdc_rules
26.89,6.42,8.49,351.26,56.67,69.46,MEDIUM,True,synthetic:who_cdc_rules
24.16,7.3,0.1,575.98,49.35,38.54,MEDIUM,True,synthetic:who_cdc_rules
29.97,6.72,10.52,153.96,29.23,70.57,MEDIUM,True,synthetic:who_cdc_rules
39.83,8.86,6.61,477.9,34.58,34.82,MEDIUM,True,synthetic:who_cdc_rules
29.48,7.55,2.92,499.22,0.0,70.0,LOW,True,synthetic:who_cdc_rules
28.7,7.74,5.1,62.4,36.31,65.93,LOW,True,synthetic:who_cdc_rules
21.11,6.27,3.82,207.88,17.71,77.48,MEDIUM,True,synthetic:who_cdc_rules
28.4,8.34,7.79,458.14,30.16,84.69,MEDIUM,True,synthetic:who_cdc_rules
27.68,7.74,0.1,50.0,0.0,60.24,LOW,True,synthetic:who_cdc_rules
19.42,8.27,4.68,523.62,0.0,49.57,LOW,True,synthetic:who_cdc_rules
29.33,8.93,1.65,606.96,40.55,47.87,HIGH,True,synthetic:who_cdc_rules
24.56,8.53,2.31,648.23,16.18,68.86,MEDIUM,True,synthetic:who_cdc_rules
33.95,7.41,8.89,93.24,0.84,36.08,LOW,True,synthetic:who_cdc_rules
35.76,8.73,13.79,428.5,14.77,63.4,HIGH,True,synthetic:who_cdc_rules
33.58,5.81,8.01,336.4,22.11,32.92,MEDIUM,True,synthetic:who_cdc_rules
19.59,8.67,5.62,496.85,0.0,90.97,MEDIUM,True,synthetic:who_cdc_rules
25.42,7.45,10.86,297.19,32.9,89.79,MEDIUM,True,synthetic:who_cdc_rules
31.55,8.73,9.84,352.27,35.11,65.42,MEDIUM,True,synthetic:who_cdc_rules
37.46,6.24,7.81,50.0,74.98,40.42,HIGH,True,synthetic:who_cdc_rules
32.37,8.23,6.23,617.84,37.52,51.21,MEDIUM,True,synthetic:who_cdc_rules
23.36,7.19,4.45,346.51,14.69,36.1,LOW,True,synthetic:who_cdc_rules
39.63,8.41,11.03,488.02,0.0,65.33,MEDIUM,True,synthetic:who_cdc_rules
26.33,6.95,5.71,628.43,16.53,60.15,MEDIUM,True,synthetic:who_cdc_rules
33.76,8.52,3.28,339.99,0.0,31.34,MEDIUM,True,synthetic:who_cdc_rules
38.44,8.42,14.07,603.41,14.18,87.4,HIGH,True,synthetic:who_cdc_rules
38.77,5.56,6.91,255.27,37.76,57.49,MEDIUM,True,synthetic:who_cdc_rules
30.05,5.7,4.87,353.62,17.11,65.45,MEDIUM,True,synthetic:who_cdc_rules
34.96,6.46,0.1,353.32,21.33,85.54,HIGH,True,synthetic:who_cdc_rules
23.24,7.09,7.99,822.04,0.0,80.43,MEDIUM,True,synthetic:who_cdc_rules
19.84,7.26,15.01,202.17,9.5,75.43,MEDIUM,True,synthetic:who_cdc_rules
29.35,7.23,8.27,163.51,38.28,83.33,MEDIUM,True,synthetic:who_cdc_rules
38.22,6.18,0.1,471.44,11.44,32.34,MEDIUM,True,synthetic:who_cdc_rules
34.99,5.62,10.68,551.05,38.83,73.91,MEDIUM,True,synthetic:who_cdc_rules
32.41,5.63,2.24,387.24,17.89,30.51,MEDIUM,True,synthetic:who_cdc_rules
39.35,7.72,0.1,187.6,53.25,36.63,MEDIUM,True,synthetic:who_cdc_rules
35.97,5.56,10.29,305.8,14.15,51.32,HIGH,True,synthetic:who_cdc_rules
35.39,6.78,2.2,99.14,0.0,82.49,MEDIUM,True,synthetic:who_cdc_rules
22.66,8.05,7.92,491.48,20.54,56.91,LOW,True,synthetic:who_cdc_rules
27.72,7.88,0.1,336.41,30.92,39.3,LOW,True,synthetic:who_cdc_rules
38.77,8.98,2.51,532.93,5.23,91.18,HIGH,True,synthetic:who_cdc_rules
34.36,7.06,5.44,418.51,10.42,79.17,LOW,True,synthetic:who_cdc_rules
25.51,5.77,15.14,298.19,18.21,40.5,MEDIUM,True,synthetic:who_cdc_rules
22.75,7.71,0.1,219.24,19.71,45.56,LOW,True,synthetic:who_cdc_rules
22.19,7.03,5.41,451.59,44.65,63.32,MEDIUM,True,synthetic:who_cdc_rules
35.06,5.98,0.1,607.54,1.01,85.09,HIGH,True,synthetic:who_cdc_rules
31.78,5.65,11.58,490.81,66.48,30.5,HIGH,True,synthetic:who_cdc_rules
31.35,6.55,9.3,227.57,28.6,63.23,LOW,True,synthetic:who_cdc_rules
29.98,6.8,0.76,519.88,53.05,59.69,MEDIUM,True,synthetic:who_cdc_rules
20.97,8.52,10.8,50.0,0.0,54.79,MEDIUM,True,synthetic:who_cdc_rules
24.14,6.02,1.09,420.09,39.66,91.7,MEDIUM,True,synthetic:who_cdc_rules
23.1,8.16,7.05,345.9,36.07,37.96,LOW,True,synthetic:who_cdc_rules
33.55,8.97,2.12,509.53,0.0,90.46,MEDIUM,True,synthetic:who_cdc_rules
30.11,5.56,2.49,93.35,13.28,86.4,MEDIUM,True,synthetic:who_cdc_rules
24.1,7.28,4.67,459.74,25.18,76.48,LOW,True,synthetic:who_cdc_rules
26.22,6.79,4.02,584.65,1.07,86.74,LOW,True,synthetic:who_cdc_rules
27.26,7.98,0.1,50.0,21.97,59.1,LOW,True,synthetic:who_cdc_rules
25.67,7.83,3.95,205.89,25.37,94.9,LOW,True,synthetic:who_cdc_rules
25.57,6.09,9.86,274.92,0.0,86.29,MEDIUM,True,synthetic:who_cdc_rules
28.05,5.6,4.61,565.99,23.72,33.52,MEDIUM,True,synthetic:who_cdc_rules
37.65,5.58,8.17,181.43,19.21,94.11,HIGH,True,synthetic:who_cdc_rules
37.71,7.72,8.37,794.39,0.0,52.35,MEDIUM,True,synthetic:who_cdc_rules
27.33,7.46,5.65,449.24,0.0,93.66,LOW,True,synthetic:who_cdc_rules
34.34,6.19,7.47,569.06,0.0,55.84,MEDIUM,True,synthetic:who_cdc_rules
20.21,7.15,4.01,673.9,43.3,61.04,MEDIUM,True,synthetic:who_cdc_rules
33.76,6.35,10.06,521.49,6.98,35.86,MEDIUM,True,synthetic:who_cdc_rules
34.33,8.71,7.43,388.79,20.59,71.39,MEDIUM,True,synthetic:who_cdc_rules
18.27,6.52,3.75,336.7,1.6,36.65,LOW,True,synthetic:who_cdc_rules
35.14,7.98,6.72,650.53,18.76,41.41,MEDIUM,True,synthetic:who_cdc_rules
32.88,6.85,5.31,267.41,46.69,46.11,MEDIUM,True,synthetic:who_cdc_rules
29.54,6.75,6.02,684.65,13.39,70.88,MEDIUM,True,synthetic:who_cdc_rules
39.95,8.97,9.87,422.57,49.03,62.2,HIGH,True,synthetic:who_cdc_rules
23.06,7.33,2.45,338.71,34.27,54.96,LOW,True,synthetic:who_cdc_rules
28.23,7.03,9.4,113.15,37.65,47.09,LOW,True,synthetic:who_cdc_rules
20.78,8.77,11.59,617.23,25.06,79.71,HIGH,True,synthetic:who_cdc_rules
18.52,6.58,11.66,537.63,53.06,52.48,MEDIUM,True,synthetic:who_cdc_rules
26.43,8.26,1.38,120.69,40.96,36.17,MEDIUM,True,synthetic:who_cdc_rules
21.4,8.97,10.21,530.83,27.43,94.97,MEDIUM,True,synthetic:who_cdc_rules
25.5,7.6,12.33,789.53,47.8,32.83,HIGH,True,synthetic:who_cdc_rules
35.61,7.5,1.3,278.63,19.47,46.41,MEDIUM,True,synthetic:who_cdc_rules
33.61,5.67,9.03,597.64,0.0,75.72,MEDIUM,True,synthetic:who_cdc_rules
19.75,8.16,1.65,185.69,4.06,52.93,LOW,True,synthetic:who_cdc_rules
30.04,6.63,2.92,461.53,30.39,37.73,LOW,True,synthetic:who_cdc_rules
31.73,6.87,8.28,329.0,28.5,62.41,LOW,True,synthetic:who_cdc_rules
39.63,6.37,6.23,465.48,7.65,56.71,MEDIUM,True,synthetic:who_cdc_rules
24.4,5.66,11.45,423.65,28.33,73.89,MEDIUM,True,synthetic:who_cdc_rules
34.24,6.93,19.42,399.0,8.69,77.1,MEDIUM,True,synthetic:who_cdc_rules
29.54,6.07,11.58,333.85,2.92,63.63,MEDIUM,True,synthetic:who_cdc_rules
23.77,8.53,8.51,552.21,15.01,59.52,MEDIUM,True,synthetic:who_cdc_rules
34.97,5.94,1.61,116.88,32.89,49.91,MEDIUM,True,synthetic:who_cdc_rules
23.84,5.55,2.6,427.04,16.06,72.45,MEDIUM,True,synthetic:who_cdc_rules
32.11,7.77,5.88,89.19,12.07,61.44,LOW,True,synthetic:who_cdc_rules
37.1,6.7,2.46,417.88,41.17,62.83,HIGH,True,synthetic:who_cdc_rules
36.9,6.83,0.43,263.65,0.0,90.97,LOW,True,synthetic:who_cdc_rules
25.15,5.56,0.63,536.21,46.84,48.55,MEDIUM,True,synthetic:who_cdc_rules
36.22,6.33,8.23,114.97,2.15,42.59,MEDIUM,True,synthetic:who_cdc_rules
35.87,7.75,0.86,147.56,11.23,65.26,MEDIUM,True,synthetic:who_cdc_rules
39.49,6.14,18.23,133.34,0.0,68.79,HIGH,True,synthetic:who_cdc_rules
24.77,6.59,14.08,50.0,19.19,77.85,MEDIUM,True,synthetic:who_cdc_rules
32.81,7.06,4.09,107.19,19.68,64.79,LOW,True,synthetic:who_cdc_rules
18.59,7.22,3.96,633.46,49.54,65.91,MEDIUM,True,synthetic:who_cdc_rules
24.47,7.71,3.63,544.53,0.0,88.62,LOW,True,synthetic:who_cdc_rules
26.85,7.66,10.5,435.13,1.49,52.87,MEDIUM,True,synthetic:who_cdc_rules
32.71,7.9,3.81,563.4,0.0,70.28,LOW,True,synthetic:who_cdc_rules
18.94,6.07,8.1,503.98,11.87,65.44,MEDIUM,True,synthetic:who_cdc_rules
33.59,8.94,0.1,320.3,0.0,76.6,MEDIUM,True,synthetic:who_cdc_rules
39.96,8.52,5.72,327.27,20.97,71.09,MEDIUM,True,synthetic:who_cdc_rules
26.2,7.39,0.48,431.33,42.29,80.25,MEDIUM,True,synthetic:who_cdc_rules
22.05,7.16,10.2,297.34,18.01,39.72,MEDIUM,True,synthetic:who_cdc_rules
30.24,8.14,14.71,202.89,2.47,94.64,MEDIUM,True,synthetic:who_cdc_rules
28.82,6.79,11.16,94.04,0.0,76.92,MEDIUM,True,synthetic:who_cdc_rules
24.53,6.85,0.1,610.58,13.73,77.58,MEDIUM,True,synthetic:who_cdc_rules
22.86,6.1,2.34,401.76,42.66,41.01,MEDIUM,True,synthetic:who_cdc_rules
23.08,6.67,5.47,222.0,24.78,50.55,LOW,True,synthetic:who_cdc_rules
37.26,6.36,0.1,861.21,22.35,33.76,HIGH,True,synthetic:who_cdc_rules
39.13,8.5,1.91,110.67,28.83,73.93,MEDIUM,True,synthetic:who_cdc_rules
35.07,5.54,1.75,238.88,23.77,94.82,HIGH,True,synthetic:who_cdc_rules
20.71,5.54,6.58,458.38,0.0,70.55,MEDIUM,True,synthetic:who_cdc_rules
34.86,7.67,19.38,315.49,0.0,72.19,MEDIUM,True,synthetic:who_cdc_rules
20.07,8.33,0.31,140.8,0.0,33.88,LOW,True,synthetic:who_cdc_rules
20.04,7.3,7.46,135.79,50.76,65.08,MEDIUM,True,synthetic:who_cdc_rules
24.26,6.09,6.11,302.88,7.52,83.87,MEDIUM,True,synthetic:who_cdc_rules
26.4,5.87,11.58,50.0,32.96,55.91,MEDIUM,True,synthetic:who_cdc_rules
20.41,8.55,2.59,612.3,49.0,93.99,HIGH,True,synthetic:who_cdc_rules
30.37,8.16,0.1,240.29,29.13,58.3,LOW,True,synthetic:who_cdc_rules
30.7,6.58,3.85,353.79,0.0,91.59,MEDIUM,True,synthetic:who_cdc_rules
37.06,8.43,1.55,733.7,20.11,37.61,MEDIUM,True,synthetic:who_cdc_rules
20.31,8.01,4.63,238.24,43.66,50.91,MEDIUM,True,synthetic:who_cdc_rules
34.58,7.43,7.61,415.93,0.0,55.57,LOW,True,synthetic:who_cdc_rules
23.84,6.38,10.48,576.82,0.0,74.75,MEDIUM,True,synthetic:who_cdc_rules
36.95,7.3,3.26,605.78,42.46,87.46,HIGH,True,synthetic:who_cdc_rules
33.25,9.0,6.19,354.68,8.46,30.19,MEDIUM,True,synthetic:who_cdc_rules
28.23,8.49,0.1,87.23,5.39,74.93,LOW,True,synthetic:who_cdc_rules
30.13,7.41,9.07,129.73,52.08,57.92,MEDIUM,True,synthetic:who_cdc_rules
29.63,8.71,3.37,649.49,19.36,87.56,HIGH,True,synthetic:who_cdc_rules
32.38,5.6,6.88,334.61,7.82,72.89,MEDIUM,True,synthetic:who_cdc_rules
29.9,8.83,2.57,219.81,25.24,88.33,MEDIUM,True,synthetic:who_cdc_rules
38.71,8.6,12.67,144.83,0.0,69.81,HIGH,True,synthetic:who_cdc_rules
39.18,7.61,0.1,497.59,19.26,35.5,MEDIUM,True,synthetic:who_cdc_rules
20.36,5.87,0.1,451.47,27.66,53.18,MEDIUM,True,synthetic:who_cdc_rules
20.61,7.8,6.3,557.93,26.08,76.9,LOW,True,synthetic:who_cdc_rules
36.72,7.08,3.21,588.7,24.32,84.28,MEDIUM,True,synthetic:who_cdc_rules
35.4,7.56,5.97,300.98,9.64,54.61,MEDIUM,True,synthetic:who_cdc_rules
18.26,7.32,9.62,947.24,7.15,30.82,MEDIUM,True,synthetic:who_cdc_rules
31.2,6.33,6.42,50.0,0.0,31.49,MEDIUM,True,synthetic:who_cdc_rules
30.97,7.9,9.09,536.01,0.0,58.53,LOW,True,synthetic:who_cdc_rules
30.17,6.29,8.79,249.56,36.78,67.1,MEDIUM,True,synthetic:who_cdc_rules
23.25,5.99,11.31,393.37,18.51,52.87,MEDIUM,True,synthetic:who_cdc_rules
37.0,7.53,4.21,412.27,27.08,45.92,MEDIUM,True,synthetic:who_cdc_rules
29.62,5.79,0.1,105.03,0.47,41.65,MEDIUM,True,synthetic:who_cdc_rules
27.99,8.34,9.2,105.45,11.43,83.87,LOW,True,synthetic:who_cdc_rules
29.66,8.42,12.02,415.97,0.0,43.73,MEDIUM,True,synthetic:who_cdc_rules
22.66,8.66,0.27,672.72,32.9,77.14,MEDIUM,True,synthetic:who_cdc_rules
18.91,6.74,9.0,154.15,0.0,72.64,LOW,True,synthetic:who_cdc_rules
28.26,6.16,4.95,691.12,8.72,70.1,MEDIUM,True,synthetic:who_cdc_rules
23.27,5.73,13.35,425.51,0.0,71.88,MEDIUM,True,synthetic:who_cdc_rules
36.48,7.62,1.27,446.4,4.71,74.58,MEDIUM,True,synthetic:who_cdc_rules
29.92,7.9,14.41,481.16,17.1,39.6,MEDIUM,True,synthetic:who_cdc_rules
35.55,6.69,0.1,477.9,36.5,39.11,MEDIUM,True,synthetic:who_cdc_rules
33.58,6.75,4.91,396.64,8.66,69.33,LOW,True,synthetic:who_cdc_rules
28.74,7.46,7.23,301.66,16.44,63.31,LOW,True,synthetic:who_cdc_rules
39.39,7.35,8.91,256.17,19.37,48.81,MEDIUM,True,synthetic:who_cdc_rules
23.0,6.22,6.79,523.53,44.06,89.49,MEDIUM,True,synthetic:who_cdc_rules
35.43,8.91,5.49,184.46,13.32,46.81,MEDIUM,True,synthetic:who_cdc_rules
24.24,8.65,5.11,510.98,5.34,38.78,MEDIUM,True,synthetic:who_cdc_rules
26.18,8.62,2.51,293.1,0.0,59.15,MEDIUM,True,synthetic:who_cdc_rules
29.01,5.89,3.85,378.45,82.02,39.55,MEDIUM,True,synthetic:who_cdc_rules
21.0,7.46,12.02,473.36,0.0,66.38,MEDIUM,True,synthetic:who_cdc_rules
32.52,8.07,13.05,186.46,12.45,30.88,MEDIUM,True,synthetic:who_cdc_rules
26.78,8.9,13.66,50.0,8.27,80.03,MEDIUM,True,synthetic:who_cdc_rules
21.06,7.08,5.09,508.39,13.06,48.11,LOW,True,synthetic:who_cdc_rules
31.92,7.21,3.03,423.07,0.0,91.75,MEDIUM,True,synthetic:who_cdc_rules
35.11,8.75,4.6,504.74,16.87,84.23,HIGH,True,synthetic:who_cdc_rules
35.92,8.8,0.1,139.59,19.13,45.89,MEDIUM,True,synthetic:who_cdc_rules
19.55,7.97,9.68,465.17,24.41,62.91,LOW,True,synthetic:who_cdc_rules
20.7,8.62,0.1,435.59,0.0,75.69,MEDIUM,True,synthetic:who_cdc_rules
33.94,7.03,11.25,773.93,0.0,47.73,MEDIUM,True,synthetic:who_cdc_rules
26.04,8.12,0.37,581.39,41.65,39.62,LOW,True,synthetic:who_cdc_rules
26.35,6.12,14.26,297.72,18.84,60.87,MEDIUM,True,synthetic:who_cdc_rules
21.9,8.97,4.22,373.8,36.21,48.35,MEDIUM,True,synthetic:who_cdc_rules
32.75,7.44,0.1,717.58,9.91,30.82,MEDIUM,True,synthetic:who_cdc_rules
26.9,7.46,6.81,183.2,2.75,35.16,LOW,True,synthetic:who_cdc_rules
19.07,6.89,12.12,89.65,6.25,71.16,MEDIUM,True,synthetic:who_cdc_rules
22.6,6.55,11.72,459.72,33.34,51.07,MEDIUM,True,synthetic:who_cdc_rules
23.45,5.85,10.56,207.41,0.0,47.71,MEDIUM,True,synthetic:who_cdc_rules
27.12,6.97,2.14,560.4,14.28,58.8,LOW,True,synthetic:who_cdc_rules
22.45,7.03,6.64,594.86,5.74,79.61,LOW,True,synthetic:who_cdc_rules
34.66,6.05,4.15,327.61,23.11,89.45,MEDIUM,True,synthetic:who_cdc_rules
28.15,6.81,8.94,126.58,48.83,86.52,MEDIUM,True,synthetic:who_cdc_rules
26.92,6.56,15.71,425.65,0.54,63.86,MEDIUM,True,synthetic:who_cdc_rules
33.71,8.21,0.82,331.38,63.69,66.93,MEDIUM,True,synthetic:who_cdc_rules
24.43,6.0,11.18,252.14,4.82,65.39,MEDIUM,True,synthetic:who_cdc_rules
29.76,6.33,2.72,480.48,39.66,57.67,MEDIUM,True,synthetic:who_cdc_rules
21.65,8.19,12.93,372.79,0.0,84.57,MEDIUM,True,synthetic:who_cdc_rules
21.58,6.38,6.08,327.38,21.88,56.37,MEDIUM,True,synthetic:who_cdc_rules
31.31,5.89,6.57,370.57,11.83,32.5,MEDIUM,True,synthetic:who_cdc_rules
28.46,7.5,9.46,516.27,13.59,83.44,HIGH,True,synthetic:who_cdc_rules
18.91,8.88,0.1,404.78,0.0,68.26,MEDIUM,True,synthetic:who_cdc_rules
18.71,6.32,10.8,409.11,0.0,41.37,MEDIUM,True,synthetic:who_cdc_rules
37.5,6.1,2.1,485.91,39.23,31.65,MEDIUM,True,synthetic:who_cdc_rules
36.09,8.48,3.52,496.23,0.0,90.71,MEDIUM,True,synthetic:who_cdc_rules
35.34,5.7,2.99,323.3,66.91,75.71,HIGH,True,synthetic:who_cdc_rules
31.29,6.3,8.28,461.11,47.49,71.42,HIGH,True,synthetic:who_cdc_rules
26.23,6.65,5.18,447.78,31.04,83.64,LOW,True,synthetic:who_cdc_rules
33.03,7.21,3.8,129.02,9.08,40.97,LOW,True,synthetic:who_cdc_rules
24.94,7.75,5.16,443.58,15.04,91.32,LOW,True,synthetic:who_cdc_rules
20.47,8.76,2.37,451.01,13.29,90.41,MEDIUM,True,synthetic:who_cdc_rules
19.25,6.41,1.58,344.68,23.55,89.52,MEDIUM,True,synthetic:who_cdc_rules
18.15,6.27,0.1,399.72,0.0,91.85,MEDIUM,True,synthetic:who_cdc_rules
27.28,6.85,6.51,308.36,0.0,35.0,LOW,True,synthetic:who_cdc_rules
28.28,8.17,1.32,111.51,20.82,30.69,LOW,True,synthetic:who_cdc_rules
24.27,7.51,0.1,768.29,10.64,68.15,MEDIUM,True,synthetic:who_cdc_rules
20.81,7.5,3.07,50.0,15.02,71.58,LOW,True,synthetic:who_cdc_rules
31.26,8.98,0.1,459.53,29.3,66.71,MEDIUM,True,synthetic:who_cdc_rules
29.47,7.96,8.83,91.94,4.11,92.82,MEDIUM,True,synthetic:who_cdc_rules
28.82,7.6,0.84,220.26,16.73,45.74,LOW,True,synthetic:who_cdc_rules
20.99,8.04,9.16,412.83,17.65,91.08,LOW,True,synthetic:who_cdc_rules
34.69,5.59,11.89,230.19,41.22,32.21,HIGH,True,synthetic:who_cdc_rules
22.24,7.66,6.2,50.0,15.26,67.53,LOW,True,synthetic:who_cdc_rules
39.02,7.79,8.82,657.37,45.75,31.16,HIGH,True,synthetic:who_cdc_rules
19.89,8.13,0.1,584.66,11.63,38.86,LOW,True,synthetic:who_cdc_rules
27.3,5.64,0.1,426.54,0.0,74.95,MEDIUM,True,synthetic:who_cdc_rules
32.82,8.99,6.78,205.22,42.66,47.21,MEDIUM,True,synthetic:who_cdc_rules
32.6,6.6,0.1,383.58,12.93,49.39,LOW,True,synthetic:who_cdc_rules
31.75,7.21,1.99,512.81,1.93,67.79,LOW,True,synthetic:who_cdc_rules
33.28,8.53,16.32,332.18,0.0,30.14,MEDIUM,True,synthetic:who_cdc_rules
18.55,7.8,5.66,410.62,0.0,56.59,LOW,True,synthetic:who_cdc_rules
19.43,6.89,10.37,511.98,0.0,79.39,MEDIUM,True,synthetic:who_cdc_rules
24.97,6.7,14.77,446.79,10.09,69.42,MEDIUM,True,synthetic:who_cdc_rules
27.47,8.68,0.1,393.27,34.37,41.22,MEDIUM,True,synthetic:who_cdc_rules
33.79,8.88,10.75,407.99,10.11,66.88,MEDIUM,True,synthetic:who_cdc_rules
35.07,5.74,0.54,458.61,57.03,70.4,HIGH,True,synthetic:who_cdc_rules
38.31,5.64,0.1,276.42,0.0,65.09,MEDIUM,True,synthetic:who_cdc_rules
39.74,8.42,11.65,432.49,12.09,92.01,HIGH,True,synthetic:who_cdc_rules
22.47,5.75,5.29,597.05,40.63,88.02,MEDIUM,True,synthetic:who_cdc_rules
33.44,8.12,2.47,129.04,32.71,78.22,LOW,True,synthetic:who_cdc_rules
37.87,8.41,3.04,733.24,34.1,73.65,MEDIUM,True,synthetic:who_cdc_rules
28.46,7.58,7.47,50.0,24.8,35.75,LOW,True,synthetic:who_cdc_rules
27.24,7.23,6.53,113.24,1.16,65.64,LOW,True,synthetic:who_cdc_rules
38.29,8.46,15.06,209.03,5.49,41.12,MEDIUM,True,synthetic:who_cdc_rules
33.95,8.94,0.1,374.5,14.11,93.06,MEDIUM,True,synthetic:who_cdc_rules
32.56,7.43,13.98,255.82,0.0,34.87,MEDIUM,True,synthetic:who_cdc_rules
31.81,8.41,3.9,818.76,27.14,83.93,MEDIUM,True,synthetic:who_cdc_rules
37.66,8.7,8.8,481.71,7.76,51.21,MEDIUM,True,synthetic:who_cdc_rules
21.71,7.5,16.12,546.51,0.0,73.18,MEDIUM,True,synthetic:who_cdc_rules
30.24,6.09,6.54,728.55,14.55,65.71,MEDIUM,True,synthetic:who_cdc_rules
32.99,7.72,0.1,337.63,10.92,92.56,MEDIUM,True,synthetic:who_cdc_rules
25.34,5.91,4.41,128.32,0.0,64.27,MEDIUM,True,synthetic:who_cdc_rules
22.67,8.22,9.81,497.54,11.08,81.48,LOW,True,synthetic:who_cdc_rules
27.02,6.41,0.1,344.93,22.42,32.19,MEDIUM,True,synthetic:who_cdc_rules
25.93,6.83,6.81,614.03,0.0,75.24,MEDIUM,True,synthetic:who_cdc_rules
32.16,7.21,4.4,547.45,31.25,87.08,MEDIUM,True,synthetic:who_cdc_rules
22.85,8.98,3.73,297.53,15.42,90.29,MEDIUM,True,synthetic:who_cdc_rules
33.29,8.71,2.4,377.47,33.97,60.74,LOW,True,synthetic:who_cdc_rules
26.44,6.86,5.75,407.48,23.43,84.02,HIGH,True,synthetic:who_cdc_rules
33.76,5.72,14.59,306.83,9.26,74.87,MEDIUM,True,synthetic:who_cdc_rules
30.29,7.6,3.75,227.92,26.08,84.11,MEDIUM,True,synthetic:who_cdc_rules
28.98,8.37,11.76,273.94,12.84,56.56,MEDIUM,True,synthetic:who_cdc_rules
24.33,7.97,3.64,482.74,17.02,42.58,LOW,True,synthetic:who_cdc_rules
23.97,8.54,6.71,50.0,26.44,69.36,MEDIUM,True,synthetic:who_cdc_rules
32.93,8.87,2.18,124.83,45.77,51.02,MEDIUM,True,synthetic:who_cdc_rules
38.39,6.05,2.04,50.0,5.3,89.94,HIGH,True,synthetic:who_cdc_rules
30.06,8.38,3.01,577.67,0.0,75.06,LOW,True,synthetic:who_cdc_rules
21.43,8.27,11.32,488.12,16.26,42.91,MEDIUM,True,synthetic:who_cdc_rules
23.42,8.27,11.34,169.11,8.51,69.11,MEDIUM,True,synthetic:who_cdc_rules
19.92,8.09,0.1,396.19,26.03,62.78,LOW,True,synthetic:who_cdc_rules
24.42,7.07,9.37,220.08,10.55,39.81,LOW,True,synthetic:who_cdc_rules
27.19,8.93,8.54,94.8,27.99,35.3,MEDIUM,True,synthetic:who_cdc_rules
33.52,6.81,12.56,466.14,0.0,54.65,LOW,True,synthetic:who_cdc_rules
28.16,5.53,7.3,487.2,10.53,36.25,MEDIUM,True,synthetic:who_cdc_rules
32.5,7.95,10.55,342.71,50.9,50.28,MEDIUM,True,synthetic:who_cdc_rules
21.92,8.7,5.28,165.25,39.01,52.09,MEDIUM,True,synthetic:who_cdc_rules
27.68,6.44,4.78,602.63,45.33,84.33,HIGH,True,synthetic:who_cdc_rules
37.98,6.84,16.01,421.12,36.53,77.67,MEDIUM,True,synthetic:who_cdc_rules
22.77,7.76,3.75,337.62,16.04,43.52,LOW,True,synthetic:who_cdc_rules
39.14,5.91,1.22,69.48,22.3,44.63,MEDIUM,True,synthetic:who_cdc_rules
28.76,6.36,0.1,669.92,14.65,34.0,MEDIUM,True,synthetic:who_cdc_rules
26.74,8.04,1.44,366.27,64.8,91.8,MEDIUM,True,synthetic:who_cdc_rules
27.54,8.2,3.83,407.34,20.03,54.16,LOW,True,synthetic:who_cdc_rules
28.22,8.14,4.92,383.14,14.15,87.66,MEDIUM,True,synthetic:who_cdc_rules
33.87,6.41,0.1,476.0,13.12,34.85,MEDIUM,True,synthetic:who_cdc_rules
38.05,6.44,4.72,387.51,11.82,91.8,HIGH,True,synthetic:who_cdc_rules
35.65,7.05,6.29,675.23,40.31,80.23,HIGH,True,synthetic:who_cdc_rules
20.88,6.02,4.83,524.19,14.3,57.59,MEDIUM,True,synthetic:who_cdc_rules
34.33,8.85,0.37,50.0,29.21,44.41,MEDIUM,True,synthetic:who_cdc_rules
25.97,8.23,7.87,222.37,15.06,51.76,LOW,True,synthetic:who_cdc_rules
32.64,6.61,0.1,791.59,0.21,36.16,MEDIUM,True,synthetic:who_cdc_rules
35.82,5.89,5.15,171.14,42.23,76.3,HIGH,True,synthetic:who_cdc_rules
27.94,7.61,8.78,443.98,47.4,68.21,MEDIUM,True,synthetic:who_cdc_rules
19.94,7.1,7.76,401.16,30.39,58.45,LOW,True,synthetic:who_cdc_rules
32.48,8.18,10.46,161.0,18.09,72.26,MEDIUM,True,synthetic:who_cdc_rules
26.82,7.45,9.48,50.0,29.27,63.21,LOW,True,synthetic:who_cdc_rules
30.74,8.06,3.17,215.04,0.0,44.13,LOW,True,synthetic:who_cdc_rules
21.59,8.03,0.1,116.16,20.94,75.13,LOW,True,synthetic:who_cdc_rules
39.58,5.69,8.55,446.29,14.8,77.15,MEDIUM,True,synthetic:who_cdc_rules
31.75,8.12,0.1,455.26,22.9,78.16,LOW,True,synthetic:who_cdc_rules
21.97,7.91,12.17,107.09,10.63,92.05,HIGH,True,synthetic:who_cdc_rules
26.86,8.63,8.06,130.45,0.0,54.0,MEDIUM,True,synthetic:who_cdc_rules
36.11,6.61,0.1,50.0,7.83,40.93,MEDIUM,True,synthetic:who_cdc_rules
31.74,7.43,1.34,234.74,40.56,87.15,MEDIUM,True,synthetic:who_cdc_rules
28.78,8.02,12.89,144.81,45.69,90.24,HIGH,True,synthetic:who_cdc_rules
20.09,7.09,0.1,221.73,0.0,66.83,LOW,True,synthetic:who_cdc_rules
22.11,6.17,10.85,562.9,35.58,88.98,MEDIUM,True,synthetic:who_cdc_rules
39.66,7.14,0.1,591.43,15.1,54.32,MEDIUM,True,synthetic:who_cdc_rules
31.21,8.65,5.2,241.24,47.72,40.01,MEDIUM,True,synthetic:who_cdc_rules
20.79,8.27,15.75,123.32,20.18,45.31,MEDIUM,True,synthetic:who_cdc_rules
27.98,8.21,0.83,472.76,12.04,37.96,LOW,True,synthetic:who_cdc_rules
30.62,8.22,3.63,344.59,8.95,32.71,LOW,True,synthetic:who_cdc_rules
21.92,5.63,2.09,196.24,36.77,55.41,MEDIUM,True,synthetic:who_cdc_rules
33.85,7.84,9.11,468.49,13.69,41.65,LOW,True,synthetic:who_cdc_rules
27.06,7.46,3.4,126.7,9.69,47.77,LOW,True,synthetic:who_cdc_rules
37.67,7.48,1.34,576.8,0.0,76.83,MEDIUM,True,synthetic:who_cdc_rules
38.46,6.52,5.24,436.39,52.86,56.99,MEDIUM,True,synthetic:who_cdc_rules
34.06,7.34,3.86,231.92,0.0,75.57,LOW,True,synthetic:who_cdc_rules
24.4,5.67,9.91,356.49,0.0,68.96,MEDIUM,True,synthetic:who_cdc_rules
36.59,6.39,13.01,605.21,19.84,53.33,HIGH,True,synthetic:who_cdc_rules
39.45,7.25,1.98,373.16,0.0,80.03,MEDIUM,True,synthetic:who_cdc_rules
23.76,6.18,7.09,321.74,5.67,87.76,MEDIUM,True,synthetic:who_cdc_rules
27.21,8.03,3.69,374.35,39.02,32.77,LOW,True,synthetic:who_cdc_rules
27.51,6.0,5.01,595.01,38.04,47.65,MEDIUM,True,synthetic:who_cdc_rules
27.89,8.97,0.49,742.91,23.52,72.12,MEDIUM,True,synthetic:who_cdc_rules
20.54,8.63,5.99,741.93,2.24,39.7,MEDIUM,True,synthetic:who_cdc_rules
33.8,8.09,2.91,652.87,0.0,39.23,MEDIUM,True,synthetic:who_cdc_rules
28.05,7.23,11.49,570.64,4.44,38.19,HIGH,True,synthetic:who_cdc_rules
37.14,8.02,4.45,58.02,20.13,66.44,MEDIUM,True,synthetic:who_cdc_rules
21.56,6.93,2.82,327.59,27.95,59.06,LOW,True,synthetic:who_cdc_rules
32.2,7.29,6.04,382.5,42.27,84.89,MEDIUM,True,synthetic:who_cdc_rules
18.41,6.93,0.1,236.14,15.43,81.18,LOW,True,synthetic:who_cdc_rules
39.72,5.68,0.1,433.06,73.33,34.85,HIGH,True,synthetic:who_cdc_rules
37.27,5.94,9.85,521.53,0.0,89.17,HIGH,True,synthetic:who_cdc_rules
31.62,7.74,5.18,416.69,19.8,57.19,LOW,True,synthetic:who_cdc_rules
31.9,8.43,8.0,299.9,27.95,68.83,LOW,True,synthetic:who_cdc_rules
32.44,7.77,0.2,272.37,0.0,35.78,LOW,True,synthetic:who_cdc_rules
37.42,8.17,8.81,441.14,0.23,32.53,MEDIUM,True,synthetic:who_cdc_rules
36.19,6.54,0.1,573.36,34.13,83.5,MEDIUM,True,synthetic:who_cdc_rules
22.01,6.95,6.33,50.0,0.0,81.31,LOW,True,synthetic:who_cdc_rules
24.11,5.95,18.04,243.99,34.68,48.57,MEDIUM,True,synthetic:who_cdc_rules
23.65,7.46,4.94,714.2,0.0,60.49,MEDIUM,True,synthetic:who_cdc_rules
28.32,6.92,0.1,285.16,0.81,75.8,LOW,True,synthetic:who_cdc_rules
24.1,7.39,3.45,500.06,15.87,56.88,LOW,True,synthetic:who_cdc_rules
26.76,7.94,3.06,133.01,25.28,91.46,LOW,True,synthetic:who_cdc_rules
22.46,5.57,0.1,505.19,35.83,44.23,MEDIUM,True,synthetic:who_cdc_rules
25.78,7.56,4.03,550.87,22.35,73.39,LOW,True,synthetic:who_cdc_rules
38.89,8.61,13.81,438.05,36.93,56.15,HIGH,True,synthetic:who_cdc_rules
25.16,6.88,0.1,426.76,0.0,78.64,LOW,True,synthetic:who_cdc_rules
20.59,7.44,5.79,601.29,21.75,37.83,MEDIUM,True,synthetic:who_cdc_rules
34.19,8.66,6.68,50.0,9.77,93.44,MEDIUM,True,synthetic:who_cdc_rules
23.78,8.81,12.19,567.4,11.52,77.62,MEDIUM,True,synthetic:who_cdc_rules
38.62,8.12,5.46,428.14,41.28,40.08,MEDIUM,True,synthetic:who_cdc_rules
28.92,5.72,7.44,335.42,0.96,91.17,MEDIUM,True,synthetic:who_cdc_rules
24.43,6.87,3.34,401.54,36.25,81.93,LOW,True,synthetic:who_cdc_rules
29.23,6.03,4.37,426.49,27.65,91.27,MEDIUM,True,synthetic:who_cdc_rules
21.71,8.78,3.5,397.03,0.0,34.81,MEDIUM,True,synthetic:who_cdc_rules
19.56,6.63,0.1,50.0,0.0,49.77,LOW,True,synthetic:who_cdc_rules
31.72,7.08,6.46,294.43,17.25,31.2,LOW,True,synthetic:who_cdc_rules
34.07,5.71,12.99,625.29,9.86,65.79,HIGH,True,synthetic:who_cdc_rules
31.78,5.62,4.43,444.76,38.86,71.03,MEDIUM,True,synthetic:who_cdc_rules
22.76,5.54,0.1,654.61,26.88,55.38,MEDIUM,True,synthetic:who_cdc_rules
27.28,6.6,5.5,306.32,21.07,40.81,LOW,True,synthetic:who_cdc_rules
36.93,7.7,10.03,478.36,25.35,90.45,HIGH,True,synthetic:who_cdc_rules
22.86,6.53,6.11,431.96,2.9,50.59,LOW,True,synthetic:who_cdc_rules
28.22,6.32,19.28,380.48,1.04,80.49,HIGH,True,synthetic:who_cdc_rules
20.32,7.1,5.47,661.49,29.98,30.64,MEDIUM,True,synthetic:who_cdc_rules
35.41,6.63,3.97,431.03,29.9,52.97,MEDIUM,True,synthetic:who_cdc_rules
24.59,6.24,8.58,400.25,38.5,71.36,MEDIUM,True,synthetic:who_cdc_rules
33.11,7.64,7.4,449.85,5.73,31.79,MEDIUM,True,synthetic:who_cdc_rules
38.97,7.26,13.33,152.88,0.0,41.88,MEDIUM,True,synthetic:who_cdc_rules
18.57,8.97,10.74,381.88,22.55,91.37,MEDIUM,True,synthetic:who_cdc_rules
31.87,7.21,4.89,331.42,9.63,77.64,LOW,True,synthetic:who_cdc_rules
28.59,7.03,0.1,283.28,75.94,82.43,MEDIUM,True,synthetic:who_cdc_rules
20.62,6.05,0.1,461.98,26.96,71.58,MEDIUM,True,synthetic:who_cdc_rules
27.68,6.3,17.95,598.87,0.0,55.93,MEDIUM,True,synthetic:who_cdc_rules
21.8,5.78,2.42,251.23,72.27,34.21,MEDIUM,True,synthetic:who_cdc_rules
27.05,8.68,15.37,606.67,12.9,60.98,HIGH,True,synthetic:who_cdc_rules
25.11,5.95,7.03,410.96,3.4,36.85,MEDIUM,True,synthetic:who_cdc_rules
36.53,7.56,0.1,474.02,0.0,82.2,MEDIUM,True,synthetic:who_cdc_rules
22.02,5.86,7.64,303.17,31.39,76.02,MEDIUM,True,synthetic:who_cdc_rules
31.37,5.53,6.27,595.63,23.55,36.02,MEDIUM,True,synthetic:who_cdc_rules
23.79,5.96,2.81,497.76,0.0,35.95,MEDIUM,True,synthetic:who_cdc_rules
20.22,7.0,13.85,425.1,53.79,61.92,MEDIUM,True,synthetic:who_cdc_rules
23.15,5.71,2.78,102.82,0.0,56.08,MEDIUM,True,synthetic:who_cdc_rules
32.67,8.3,10.07,551.79,0.0,87.06,MEDIUM,True,synthetic:who_cdc_rules
29.7,7.18,11.71,50.0,23.42,69.63,MEDIUM,True,synthetic:who_cdc_rules
25.19,8.92,3.85,380.93,33.11,44.77,MEDIUM,True,synthetic:who_cdc_rules
36.81,8.55,20.87,497.14,22.95,33.42,HIGH,True,synthetic:who_cdc_rules
27.65,6.69,8.08,441.49,0.0,71.98,LOW,True,synthetic:who_cdc_rules
20.97,5.86,14.31,51.0,0.0,83.32,LOW,True,synthetic:who_cdc_rules
39.05,7.04,5.0,738.86,12.77,44.94,MEDIUM,True,synthetic:who_cdc_rules
33.1,6.69,4.32,462.48,7.43,63.26,LOW,True,synthetic:who_cdc_rules
35.3,6.34,2.25,132.4,0.0,60.07,MEDIUM,True,synthetic:who_cdc_rules
29.43,7.05,6.25,127.95,41.21,57.65,MEDIUM,True,synthetic:who_cdc_rules
21.91,6.43,2.59,134.7,36.03,94.66,MEDIUM,True,synthetic:who_cdc_rules
25.08,8.07,4.6,803.98,19.63,42.08,MEDIUM,True,synthetic:who_cdc_rules
32.29,7.66,0.1,50.0,16.23,78.59,LOW,True,synthetic:who_cdc_rules
36.82,6.24,0.82,362.96,0.0,89.04,HIGH,True,synthetic:who_cdc_rules
33.88,6.64,7.51,394.8,38.74,68.77,LOW,True,synthetic:who_cdc_rules
35.65,8.37,2.05,481.08,24.89,69.7,MEDIUM,True,synthetic:who_cdc_rules
23.61,8.01,8.34,104.91,0.0,46.02,LOW,True,synthetic:who_cdc_rules
27.23,8.08,0.1,209.84,32.8,69.32,LOW,True,synthetic:who_cdc_rules
39.76,8.87,3.64,71.44,27.4,70.34,MEDIUM,True,synthetic:who_cdc_rules
39.78,8.26,13.24,312.07,47.93,84.95,HIGH,True,synthetic:who_cdc_rules
38.6,5.96,8.97,245.92,0.0,32.09,MEDIUM,True,synthetic:who_cdc_rules
29.13,6.34,7.13,703.41,35.59,50.76,MEDIUM,True,synthetic:who_cdc_rules
37.24,7.31,9.55,164.53,15.02,52.1,MEDIUM,True,synthetic:who_cdc_rules
27.25,5.81,13.45,679.27,32.97,79.51,HIGH,True,synthetic:who_cdc_rules
35.53,7.68,12.24,512.6,0.0,58.27,MEDIUM,True,synthetic:who_cdc_rules
27.39,8.01,0.1,494.78,1.29,43.55,LOW,True,synthetic:who_cdc_rules
28.72,8.22,7.54,289.95,35.2,92.37,HIGH,True,synthetic:who_cdc_rules
36.07,5.83,0.28,503.88,20.63,90.59,HIGH,True,synthetic:who_cdc_rules
18.74,5.84,0.1,197.05,1.43,36.03,MEDIUM,True,synthetic:who_cdc_rules
19.87,8.46,10.03,167.93,0.0,43.65,MEDIUM,True,synthetic:who_cdc_rules
32.03,6.87,7.13,404.93,25.09,62.78,LOW,True,synthetic:who_cdc_rules
37.41,8.51,0.1,513.13,42.93,35.12,HIGH,True,synthetic:who_cdc_rules
25.39,5.77,10.94,294.17,15.1,69.6,MEDIUM,True,synthetic:who_cdc_rules
28.83,7.29,6.99,439.32,0.0,67.06,LOW,True,synthetic:who_cdc_rules
37.19,7.5,7.58,631.84,0.0,43.32,MEDIUM,True,synthetic:who_cdc_rules
23.35,8.93,2.63,544.81,12.15,59.01,MEDIUM,True,synthetic:who_cdc_rules
33.22,7.67,2.6,291.66,1.49,32.45,LOW,True,synthetic:who_cdc_rules
26.56,6.8,8.76,162.38,16.34,91.5,LOW,True,synthetic:who_cdc_rules
28.19,7.91,6.06,376.84,0.0,51.93,LOW,True,synthetic:who_cdc_rules
38.49,6.47,7.01,663.52,26.71,84.32,MEDIUM,True,synthetic:who_cdc_rules
38.6,6.13,8.47,125.41,0.0,94.22,HIGH,True,synthetic:who_cdc_rules
35.81,8.28,4.67,58.92,39.41,73.9,MEDIUM,True,synthetic:who_cdc_rules
23.77,8.21,6.41,502.49,42.77,56.57,MEDIUM,True,synthetic:who_cdc_rules
36.45,6.88,11.23,584.81,0.63,42.3,MEDIUM,True,synthetic:who_cdc_rules
34.28,6.74,5.57,316.46,17.54,78.3,LOW,True,synthetic:who_cdc_rules
35.16,6.9,4.06,321.04,0.0,77.81,MEDIUM,True,synthetic:who_cdc_rules
28.49,7.6,0.1,545.57,0.0,36.43,HIGH,True,synthetic:who_cdc_rules
31.75,8.36,13.23,278.31,32.21,78.28,LOW,True,synthetic:who_cdc_rules
18.39,6.2,3.26,64.47,25.44,32.19,MEDIUM,True,synthetic:who_cdc_rules
29.46,7.88,13.33,589.67,23.45,55.9,MEDIUM,True,synthetic:who_cdc_rules
22.38,7.37,11.1,428.25,29.27,94.24,MEDIUM,True,synthetic:who_cdc_rules
18.15,7.65,6.26,530.65,0.0,84.43,LOW,True,synthetic:who_cdc_rules
22.1,8.62,12.33,368.07,9.59,68.97,MEDIUM,True,synthetic:who_cdc_rules
21.09,7.9,3.26,427.74,11.57,65.76,LOW,True,synthetic:who_cdc_rules
25.88,5.83,2.9,586.38,0.0,41.53,MEDIUM,True,synthetic:who_cdc_rules
23.77,6.21,0.1,282.43,44.41,49.72,MEDIUM,True,synthetic:who_cdc_rules
24.15,8.01,5.03,289.97,0.0,33.4,LOW,True,synthetic:who_cdc_rules
39.32,7.82,0.1,482.76,0.0,43.41,MEDIUM,True,synthetic:who_cdc_rules
35.66,6.56,5.7,195.42,18.51,81.04,MEDIUM,True,synthetic:who_cdc_rules
33.52,8.58,2.14,602.09,3.87,61.03,MEDIUM,True,synthetic:who_cdc_rules
19.15,5.71,12.97,593.72,19.98,45.4,MEDIUM,True,synthetic:who_cdc_rules
19.02,6.69,5.41,479.7,16.44,65.6,LOW,True,synthetic:who_cdc_rules
39.68,6.58,4.41,210.98,52.98,70.29,MEDIUM,True,synthetic:who_cdc_rules
18.23,6.51,1.75,81.53,5.53,57.8,LOW,True,synthetic:who_cdc_rules
22.68,8.07,2.69,260.82,18.43,61.17,LOW,True,synthetic:who_cdc_rules
25.69,6.02,2.23,339.96,24.73,94.4,MEDIUM,True,synthetic:who_cdc_rules
26.75,7.4,5.27,543.04,8.71,80.42,LOW,True,synthetic:who_cdc_rules
18.4,8.67,15.37,284.81,36.69,79.74,MEDIUM,True,synthetic:who_cdc_rules
32.57,7.84,3.54,512.79,26.87,52.08,LOW,True,synthetic:who_cdc_rules
31.77,8.26,10.85,489.81,23.66,64.07,MEDIUM,True,synthetic:who_cdc_rules
36.15,5.79,0.1,305.58,0.18,38.12,MEDIUM,True,synthetic:who_cdc_rules
31.39,8.65,6.93,261.81,57.1,82.66,HIGH,True,synthetic:who_cdc_rules
19.0,8.76,9.29,305.22,9.63,35.31,MEDIUM,True,synthetic:who_cdc_rules
25.86,7.11,0.74,192.21,23.86,46.64,LOW,True,synthetic:who_cdc_rules
18.7,8.43,10.65,398.64,8.1,64.98,MEDIUM,True,synthetic:who_cdc_rules
28.97,6.27,3.12,230.63,0.0,70.73,MEDIUM,True,synthetic:who_cdc_rules
32.24,8.14,7.2,177.84,36.68,68.48,LOW,True,synthetic:who_cdc_rules
39.93,8.8,10.25,577.06,0.0,49.42,HIGH,True,synthetic:who_cdc_rules
24.94,8.35,1.7,662.58,11.49,59.41,MEDIUM,True,synthetic:who_cdc_rules
39.47,8.81,10.25,471.42,33.66,66.68,MEDIUM,True,synthetic:who_cdc_rules
18.8,7.2,6.08,463.42,0.0,60.69,LOW,True,synthetic:who_cdc_rules
20.73,6.51,0.48,601.06,26.12,35.61,MEDIUM,True,synthetic:who_cdc_rules
18.1,7.0,3.07,50.0,6.25,32.63,LOW,True,synthetic:who_cdc_rules
37.39,8.23,1.01,496.56,0.0,31.93,MEDIUM,True,synthetic:who_cdc_rules
36.79,5.95,9.69,334.37,0.0,61.86,MEDIUM,True,synthetic:who_cdc_rules
20.01,5.87,2.36,50.0,1.25,90.42,MEDIUM,True,synthetic:who_cdc_rules
26.59,7.31,9.03,369.28,24.02,44.33,LOW,True,synthetic:who_cdc_rules
20.72,8.39,13.07,368.83,0.0,80.42,MEDIUM,True,synthetic:who_cdc_rules
33.11,8.51,3.99,445.24,0.0,58.19,MEDIUM,True,synthetic:who_cdc_rules
18.1,7.05,2.38,416.04,15.18,88.79,LOW,True,synthetic:who_cdc_rules
23.24,8.99,1.29,265.52,10.51,92.45,MEDIUM,True,synthetic:who_cdc_rules
34.07,7.25,7.48,432.82,0.0,45.82,LOW,True,synthetic:who_cdc_rules
26.68,8.92,4.31,380.27,1.28,86.72,MEDIUM,True,synthetic:who_cdc_rules
30.01,8.94,9.6,50.0,60.38,91.53,HIGH,True,synthetic:who_cdc_rules
29.45,7.44,5.36,646.47,41.02,93.36,HIGH,True,synthetic:who_cdc_rules
32.42,6.6,17.06,545.53,20.3,36.51,MEDIUM,True,synthetic:who_cdc_rules
39.95,8.87,3.14,645.96,31.83,45.75,HIGH,True,synthetic:who_cdc_rules
31.92,8.41,0.1,285.54,36.2,76.87,LOW,True,synthetic:who_cdc_rules
19.7,6.94,12.87,500.95,35.05,31.0,MEDIUM,True,synthetic:who_cdc_rules
39.06,8.65,14.09,106.79,2.27,60.81,HIGH,True,synthetic:who_cdc_rules
35.92,7.52,4.32,695.06,28.85,79.2,MEDIUM,True,synthetic:who_cdc_rules
32.13,6.29,1.84,483.72,44.37,36.87,MEDIUM,True,synthetic:who_cdc_rules
35.36,7.9,3.78,483.7,14.69,55.42,MEDIUM,True,synthetic:who_cdc_rules
30.12,8.28,8.1,127.94,45.97,70.73,MEDIUM,True,synthetic:who_cdc_rules
36.67,7.01,3.73,54.61,0.0,91.76,MEDIUM,True,synthetic:who_cdc_rules
28.11,8.71,11.99,345.22,0.0,49.46,MEDIUM,True,synthetic:who_cdc_rules
34.87,7.48,10.18,492.15,25.48,36.37,MEDIUM,True,synthetic:who_cdc_rules
27.64,8.31,2.04,468.47,0.0,90.44,LOW,True,synthetic:who_cdc_rules
24.39,7.23,1.38,633.21,0.0,91.28,MEDIUM,True,synthetic:who_cdc_rules
27.44,6.37,0.1,91.16,5.97,89.04,HIGH,True,synthetic:who_cdc_rules
37.38,6.69,11.64,535.28,0.0,35.77,HIGH,True,synthetic:who_cdc_rules
25.31,8.08,10.06,50.0,9.92,61.12,MEDIUM,True,synthetic:who_cdc_rules
20.51,6.77,4.67,167.2,0.0,54.86,LOW,True,synthetic:who_cdc_rules
25.01,7.82,10.59,754.93,11.55,84.87,MEDIUM,True,synthetic:who_cdc_rules
36.66,6.09,0.1,646.58,1.06,54.24,HIGH,True,synthetic:who_cdc_rules
20.32,8.89,0.1,318.08,16.65,94.86,MEDIUM,True,synthetic:who_cdc_rules
29.82,8.29,0.1,390.73,3.82,78.78,LOW,True,synthetic:who_cdc_rules
24.81,7.9,12.94,50.0,25.38,70.54,MEDIUM,True,synthetic:who_cdc_rules
31.18,7.87,7.85,454.23,4.17,76.39,LOW,True,synthetic:who_cdc_rules
28.33,6.84,9.38,162.18,43.21,60.45,MEDIUM,True,synthetic:who_cdc_rules
35.18,7.71,0.56,327.88,7.41,35.73,MEDIUM,True,synthetic:who_cdc_rules
22.62,7.07,0.26,50.0,38.28,33.1,LOW,True,synthetic:who_cdc_rules
39.86,6.12,20.94,254.27,26.76,45.28,HIGH,True,synthetic:who_cdc_rules
24.19,8.81,13.69,224.58,2.35,92.63,MEDIUM,True,synthetic:who_cdc_rules
30.47,5.9,1.33,499.96,2.1,69.99,MEDIUM,True,synthetic:who_cdc_rules
36.16,6.83,9.85,564.82,31.65,50.9,MEDIUM,True,synthetic:who_cdc_rules
25.93,6.92,8.31,513.93,24.44,56.09,LOW,True,synthetic:who_cdc_rules
38.96,8.64,4.68,265.17,10.62,87.13,HIGH,True,synthetic:who_cdc_rules
19.9,7.04,8.25,461.08,34.09,31.15,LOW,True,synthetic:who_cdc_rules
21.96,8.82,2.59,303.59,15.77,87.81,MEDIUM,True,synthetic:who_cdc_rules
30.78,8.17,11.53,351.01,0.0,89.29,MEDIUM,True,synthetic:who_cdc_rules
29.58,8.98,9.76,192.92,54.34,42.22,MEDIUM,True,synthetic:who_cdc_rules
19.53,5.9,6.03,147.88,15.44,91.04,MEDIUM,True,synthetic:who_cdc_rules
39.13,6.61,10.86,241.35,32.47,44.04,MEDIUM,True,synthetic:who_cdc_rules
26.23,5.75,0.37,131.97,19.81,89.64,MEDIUM,True,synthetic:who_cdc_rules
28.89,8.43,4.43,283.11,9.85,93.32,MEDIUM,True,synthetic:who_cdc_rules
37.37,8.61,4.32,350.07,37.39,75.49,MEDIUM,True,synthetic:who_cdc_rules
19.6,5.63,10.6,461.38,14.1,88.83,MEDIUM,True,synthetic:who_cdc_rules
34.62,8.68,2.35,650.44,55.87,46.61,HIGH,True,synthetic:who_cdc_rules
20.44,6.96,6.98,719.84,20.82,41.76,MEDIUM,True,synthetic:who_cdc_rules
26.92,7.88,4.33,50.0,30.47,67.35,LOW,True,synthetic:who_cdc_rules
30.38,8.59,14.03,268.07,51.66,94.19,HIGH,True,synthetic:who_cdc_rules
22.01,7.54,0.1,421.47,34.59,68.23,LOW,True,synthetic:who_cdc_rules
23.06,7.99,7.68,483.69,10.54,71.11,LOW,True,synthetic:who_cdc_rules
29.27,5.57,4.73,383.16,9.29,71.93,MEDIUM,True,synthetic:who_cdc_rules
20.16,8.6,9.87,246.98,11.15,33.15,MEDIUM,True,synthetic:who_cdc_rules
20.11,7.32,6.23,527.6,28.82,71.38,LOW,True,synthetic:who_cdc_rules
31.18,6.27,0.1,330.85,23.68,63.85,MEDIUM,True,synthetic:who_cdc_rules
35.17,8.71,6.75,622.0,0.0,55.89,LOW,True,synthetic:who_cdc_rules
39.28,6.53,8.21,533.94,3.24,80.53,MEDIUM,True,synthetic:who_cdc_rules
27.98,6.01,0.1,454.65,0.0,92.17,MEDIUM,True,synthetic:who_cdc_rules
19.92,6.39,2.55,348.95,43.45,88.84,MEDIUM,True,synthetic:who_cdc_rules
39.87,6.78,4.37,616.16,19.39,63.8,MEDIUM,True,synthetic:who_cdc_rules
34.09,8.18,10.36,236.23,13.82,65.63,MEDIUM,True,synthetic:who_cdc_rules
29.41,8.86,6.91,398.0,12.09,74.65,MEDIUM,True,synthetic:who_cdc_rules
36.35,8.95,0.51,764.08,4.2,52.59,HIGH,True,synthetic:who_cdc_rules
28.6,5.52,9.96,245.71,0.0,46.73,MEDIUM,True,synthetic:who_cdc_rules
18.91,5.99,12.96,201.13,20.77,33.43,MEDIUM,True,synthetic:who_cdc_rules
25.64,7.12,4.09,640.38,0.0,65.56,MEDIUM,True,synthetic:who_cdc_rules
38.08,6.83,4.61,435.69,20.58,94.14,MEDIUM,True,synthetic:who_cdc_rules
36.06,6.95,9.89,672.24,19.7,49.88,MEDIUM,True,synthetic:who_cdc_rules
32.14,8.37,4.36,382.58,7.8,32.96,LOW,True,synthetic:who_cdc_rules
26.59,7.79,12.31,503.92,29.93,39.33,MEDIUM,True,synthetic:who_cdc_rules
36.29,6.39,10.96,678.05,0.0,36.89,HIGH,True,synthetic:who_cdc_rules
28.26,6.68,4.26,457.35,0.0,49.52,LOW,True,synthetic:who_cdc_rules
37.61,7.52,8.58,208.21,0.0,93.12,MEDIUM,True,synthetic:who_cdc_rules
33.47,6.49,8.1,546.3,39.64,41.65,MEDIUM,True,synthetic:who_cdc_rules
30.35,6.64,0.1,325.19,15.73,50.27,LOW,True,synthetic:who_cdc_rules
36.18,6.22,8.21,309.98,31.89,43.1,MEDIUM,True,synthetic:who_cdc_rules
32.02,8.48,0.1,990.0,25.36,77.1,HIGH,True,synthetic:who_cdc_rules
37.24,8.74,3.53,307.61,21.22,58.07,MEDIUM,True,synthetic:who_cdc_rules
19.11,6.04,6.73,247.62,23.38,62.93,MEDIUM,True,synthetic:who_cdc_rules
26.69,6.75,4.68,783.82,43.15,83.67,MEDIUM,True,synthetic:who_cdc_rules
30.44,7.22,12.9,279.89,10.75,55.13,HIGH,True,synthetic:who_cdc_rules
29.35,5.55,12.97,529.56,11.14,33.63,MEDIUM,True,synthetic:who_cdc_rules
39.13,5.93,10.31,211.32,2.34,41.61,HIGH,True,synthetic:who_cdc_rules
22.34,6.87,1.28,131.24,38.65,43.79,LOW,True,synthetic:who_cdc_rules
19.7,7.45,4.64,749.1,0.7,83.66,MEDIUM,True,synthetic:who_cdc_rules
32.76,7.11,1.78,390.66,5.55,91.85,MEDIUM,True,synthetic:who_cdc_rules
29.26,6.06,12.65,147.45,24.09,81.82,HIGH,True,synthetic:who_cdc_rules
29.96,8.31,8.0,221.19,19.32,57.67,MEDIUM,True,synthetic:who_cdc_rules
34.93,6.49,7.23,530.72,29.04,48.65,MEDIUM,True,synthetic:who_cdc_rules
29.92,7.62,7.56,464.54,21.0,36.22,LOW,True,synthetic:who_cdc_rules
33.27,6.64,3.16,607.97,0.0,71.21,MEDIUM,True,synthetic:who_cdc_rules
30.12,7.08,0.1,483.09,39.16,38.92,LOW,True,synthetic:who_cdc_rules
29.03,8.95,10.93,360.92,0.76,36.34,MEDIUM,True,synthetic:who_cdc_rules
38.4,5.81,1.08,176.66,19.33,85.0,HIGH,True,synthetic:who_cdc_rules
33.84,6.73,0.1,432.38,31.44,38.0,LOW,True,synthetic:who_cdc_rules
22.99,8.72,8.19,572.22,19.13,94.45,MEDIUM,True,synthetic:who_cdc_rules
38.06,6.68,9.97,438.99,13.46,91.45,MEDIUM,True,synthetic:who_cdc_rules
35.18,5.87,5.83,301.55,23.79,67.47,MEDIUM,True,synthetic:who_cdc_rules
18.1,6.0,3.95,395.88,5.71,43.89,MEDIUM,True,synthetic:who_cdc_rules
27.15,5.58,1.96,632.46,0.0,60.47,LOW,True,synthetic:who_cdc_rules
36.86,7.96,0.1,294.68,0.0,65.23,MEDIUM,True,synthetic:who_cdc_rules
27.92,6.61,3.92,309.53,0.0,42.86,LOW,True,synthetic:who_cdc_rules
30.73,8.34,4.39,227.16,0.0,70.44,LOW,True,synthetic:who_cdc_rules
18.19,6.28,9.2,388.61,0.0,32.27,MEDIUM,True,synthetic:who_cdc_rules
30.89,8.7,0.1,555.05,30.07,53.36,MEDIUM,True,synthetic:who_cdc_rules
26.95,7.8,5.21,424.34,13.54,61.51,LOW,True,synthetic:who_cdc_rules
38.22,6.59,9.74,362.77,0.0,81.78,MEDIUM,True,synthetic:who_cdc_rules
31.19,6.26,7.12,120.23,36.14,68.26,MEDIUM,True,synthetic:who_cdc_rules
28.59,6.98,3.85,308.84,65.59,72.07,MEDIUM,True,synthetic:who_cdc_rules
34.95,6.98,11.62,219.49,16.52,70.84,MEDIUM,True,synthetic:who_cdc_rules
26.57,7.56,8.84,619.29,33.39,90.55,MEDIUM,True,synthetic:who_cdc_rules
37.04,5.94,11.79,479.64,0.0,83.54,HIGH,True,synthetic:who_cdc_rules
29.74,8.72,7.55,570.32,31.13,87.79,MEDIUM,True,synthetic:who_cdc_rules
30.3,5.82,8.33,558.75,0.0,50.21,MEDIUM,True,synthetic:who_cdc_rules
33.61,8.2,13.59,252.56,8.41,32.91,MEDIUM,True,synthetic:who_cdc_rules
26.14,7.92,0.1,203.21,10.36,87.07,LOW,True,synthetic:who_cdc_rules
39.64,7.07,5.87,198.08,29.17,32.49,MEDIUM,True,synthetic:who_cdc_rules
32.87,7.52,5.78,361.57,29.02,65.88,LOW,True,synthetic:who_cdc_rules
19.83,6.76,2.76,345.2,18.8,62.04,LOW,True,synthetic:who_cdc_rules
37.1,8.08,0.1,483.62,6.75,93.01,MEDIUM,True,synthetic:who_cdc_rules
34.87,7.94,6.26,441.6,42.4,69.55,MEDIUM,True,synthetic:who_cdc_rules
37.26,6.75,0.1,311.05,4.15,36.82,MEDIUM,True,synthetic:who_cdc_rules
38.1,8.1,8.03,339.96,21.3,78.01,MEDIUM,True,synthetic:who_cdc_rules
26.3,5.9,5.61,560.32,18.89,85.78,MEDIUM,True,synthetic:who_cdc_rules
25.38,8.16,12.24,677.67,9.64,41.68,MEDIUM,True,synthetic:who_cdc_rules
19.81,5.86,1.54,348.42,22.63,93.57,MEDIUM,True,synthetic:who_cdc_rules
23.16,6.9,16.24,241.37,0.0,53.81,MEDIUM,True,synthetic:who_cdc_rules
21.75,6.46,13.18,447.82,32.76,65.36,MEDIUM,True,synthetic:who_cdc_rules
19.17,7.8,0.33,458.07,0.0,91.58,LOW,True,synthetic:who_cdc_rules
35.24,7.26,8.03,703.84,14.04,31.35,MEDIUM,True,synthetic:who_cdc_rules
23.47,7.95,4.27,481.45,0.0,32.6,MEDIUM,True,synthetic:who_cdc_rules
28.0,7.26,11.77,365.79,11.29,39.17,MEDIUM,True,synthetic:who_cdc_rules
28.75,8.84,7.98,394.23,7.78,35.76,LOW,True,synthetic:who_cdc_rules
20.03,7.22,8.29,737.8,32.92,69.42,MEDIUM,True,synthetic:who_cdc_rules
19.36,6.85,14.1,472.0,15.19,51.57,MEDIUM,True,synthetic:who_cdc_rules
28.16,5.55,12.33,573.35,27.03,54.58,HIGH,True,synthetic:who_cdc_rules
20.96,5.7,3.29,1000.47,9.54,70.56,MEDIUM,True,synthetic:who_cdc_rules
38.3,8.77,14.09,502.91,29.65,52.37,HIGH,True,synthetic:who_cdc_rules
23.2,6.51,9.4,274.73,0.0,30.21,LOW,True,synthetic:who_cdc_rules
28.76,6.39,7.66,607.03,19.65,94.88,HIGH,True,synthetic:who_cdc_rules
23.91,7.46,1.04,66.13,0.0,87.51,LOW,True,synthetic:who_cdc_rules
33.01,6.16,6.93,92.33,0.0,76.5,MEDIUM,True,synthetic:who_cdc_rules
37.41,8.32,0.1,285.38,0.0,47.61,MEDIUM,True,synthetic:who_cdc_rules
19.3,6.77,5.98,407.56,0.0,71.12,LOW,True,synthetic:who_cdc_rules
27.11,7.38,7.56,456.95,18.91,64.32,LOW,True,synthetic:who_cdc_rules
29.05,7.96,5.48,415.44,2.0,65.85,LOW,True,synthetic:who_cdc_rules
33.31,8.94,5.38,425.54,0.0,37.48,MEDIUM,True,synthetic:who_cdc_rules
18.06,8.43,4.55,273.09,6.37,47.49,LOW,True,synthetic:who_cdc_rules
32.04,6.43,11.86,483.28,0.0,42.87,MEDIUM,True,synthetic:who_cdc_rules
18.77,6.53,9.6,617.85,13.72,80.96,MEDIUM,True,synthetic:who_cdc_rules
24.43,7.27,16.64,365.67,0.0,93.91,MEDIUM,True,synthetic:who_cdc_rules
25.59,8.54,8.85,331.79,14.44,87.98,MEDIUM,True,synthetic:who_cdc_rules
18.11,6.35,7.62,58.45,4.87,37.87,MEDIUM,True,synthetic:who_cdc_rules
29.46,8.37,0.74,436.38,33.08,51.39,LOW,True,synthetic:who_cdc_rules
27.75,7.73,2.66,307.08,0.0,42.94,LOW,True,synthetic:who_cdc_rules
33.42,8.0,7.25,493.92,6.85,66.67,LOW,True,synthetic:who_cdc_rules
38.96,5.93,0.1,319.29,7.85,84.8,HIGH,True,synthetic:who_cdc_rules
21.85,7.79,3.89,238.2,26.73,32.34,LOW,True,synthetic:who_cdc_rules
33.12,6.59,11.67,215.35,0.0,75.71,MEDIUM,True,synthetic:who_cdc_rules
33.2,6.21,11.95,513.51,2.99,42.09,MEDIUM,True,synthetic:who_cdc_rules
39.74,6.91,6.92,384.85,4.5,48.19,LOW,True,synthetic:who_cdc_rules
23.61,8.15,9.8,225.06,0.0,70.5,LOW,True,synthetic:who_cdc_rules
32.74,7.69,2.0,620.29,45.95,74.27,MEDIUM,True,synthetic:who_cdc_rules
18.99,7.33,5.58,271.13,22.14,89.81,LOW,True,synthetic:who_cdc_rules
37.53,6.54,0.1,234.91,1.17,85.63,MEDIUM,True,synthetic:who_cdc_rules
24.81,6.08,5.25,527.08,9.59,81.05,MEDIUM,True,synthetic:who_cdc_rules
23.22,7.95,9.58,450.99,44.4,72.9,MEDIUM,True,synthetic:who_cdc_rules
27.82,5.79,8.13,312.5,0.0,94.13,MEDIUM,True,synthetic:who_cdc_rules
38.58,6.63,0.72,292.87,31.91,93.46,MEDIUM,True,synthetic:who_cdc_rules
38.85,6.62,4.28,472.96,0.0,32.81,MEDIUM,True,synthetic:who_cdc_rules
24.07,7.66,4.54,323.46,1.52,86.36,LOW,True,synthetic:who_cdc_rules
23.49,5.64,2.87,225.74,17.66,33.81,MEDIUM,True,synthetic:who_cdc_rules
27.6,8.89,5.52,613.4,0.0,75.74,MEDIUM,True,synthetic:who_cdc_rules
27.13,6.52,10.56,50.0,0.42,56.05,MEDIUM,True,synthetic:who_cdc_rules
33.32,8.07,1.56,489.07,0.21,38.98,LOW,True,synthetic:who_cdc_rules
36.06,6.43,16.09,172.48,16.11,63.84,HIGH,True,synthetic:who_cdc_rules
25.36,8.27,6.76,434.55,0.0,48.71,LOW,True,synthetic:who_cdc_rules
25.19,7.14,4.61,412.13,1.24,39.13,LOW,True,synthetic:who_cdc_rules
23.7,8.07,23.36,120.81,0.59,86.45,MEDIUM,True,synthetic:who_cdc_rules
21.91,5.74,0.1,537.17,4.48,43.54,MEDIUM,True,synthetic:who_cdc_rules
18.93,7.86,8.12,574.47,50.57,60.29,MEDIUM,True,synthetic:who_cdc_rules
34.12,8.97,8.41,346.06,0.0,42.4,MEDIUM,True,synthetic:who_cdc_rules
38.72,5.93,19.57,304.88,3.57,58.54,HIGH,True,synthetic:who_cdc_rules
38.81,6.84,8.14,475.48,42.69,62.1,MEDIUM,True,synthetic:who_cdc_rules
19.44,8.89,6.35,573.06,12.45,45.82,MEDIUM,True,synthetic:who_cdc_rules
22.5,6.76,4.41,50.0,50.61,76.12,MEDIUM,True,synthetic:who_cdc_rules
25.53,7.16,0.1,608.73,10.9,64.75,MEDIUM,True,synthetic:who_cdc_rules
39.98,8.99,8.67,595.29,25.49,30.1,MEDIUM,True,synthetic:who_cdc_rules
28.58,8.1,2.12,158.94,37.28,81.18,LOW,True,synthetic:who_cdc_rules
26.45,5.74,7.75,898.2,16.2,68.55,MEDIUM,True,synthetic:who_cdc_rules
30.01,7.07,8.62,308.42,10.27,92.78,LOW,True,synthetic:who_cdc_rules
38.97,8.08,15.66,130.79,15.74,45.68,MEDIUM,True,synthetic:who_cdc_rules
32.45,8.81,3.57,335.42,20.96,69.67,MEDIUM,True,synthetic:who_cdc_rules
31.38,7.35,6.35,493.03,27.94,53.17,LOW,True,synthetic:who_cdc_rules
22.09,6.76,6.95,469.8,0.0,41.28,LOW,True,synthetic:who_cdc_rules
28.57,7.88,13.86,447.75,23.8,73.76,MEDIUM,True,synthetic:who_cdc_rules
26.44,7.97,18.22,59.65,23.62,64.8,MEDIUM,True,synthetic:who_cdc_rules
22.22,6.02,5.5,131.5,10.78,52.04,MEDIUM,True,synthetic:who_cdc_rules
18.36,6.44,3.79,215.55,20.88,63.09,MEDIUM,True,synthetic:who_cdc_rules
22.02,6.24,9.08,292.6,32.76,62.46,MEDIUM,True,synthetic:who_cdc_rules
30.16,6.44,10.64,537.51,32.33,92.91,HIGH,True,synthetic:who_cdc_rules
28.47,7.42,0.1,551.99,2.07,41.25,LOW,True,synthetic:who_cdc_rules
29.48,8.72,4.95,649.38,45.2,54.82,HIGH,True,synthetic:who_cdc_rules
24.78,8.49,3.58,150.87,17.6,78.5,LOW,True,synthetic:who_cdc_rules
27.44,7.33,6.66,50.0,7.88,44.37,MEDIUM,True,synthetic:who_cdc_rules
18.58,6.66,0.78,503.4,19.38,64.16,LOW,True,synthetic:who_cdc_rules
31.06,7.68,9.31,81.54,17.13,74.84,LOW,True,synthetic:who_cdc_rules
39.11,7.11,3.91,302.91,26.59,80.46,HIGH,True,synthetic:who_cdc_rules
32.51,8.04,7.57,465.76,27.92,49.6,LOW,True,synthetic:who_cdc_rules
19.98,8.09,13.87,375.73,0.0,42.35,MEDIUM,True,synthetic:who_cdc_rules
27.57,5.9,3.21,681.17,49.72,80.42,HIGH,True,synthetic:who_cdc_rules
26.82,7.69,5.48,152.87,3.78,84.84,LOW,True,synthetic:who_cdc_rules
25.2,8.63,6.49,66.48,11.59,52.05,MEDIUM,True,synthetic:who_cdc_rules
33.26,8.65,0.1,242.65,0.0,36.72,MEDIUM,True,synthetic:who_cdc_rules
20.32,6.04,0.1,50.0,9.83,94.9,MEDIUM,True,synthetic:who_cdc_rules
39.23,7.16,8.31,461.22,25.72,74.15,MEDIUM,True,synthetic:who_cdc_rules
20.21,7.05,0.1,535.99,9.75,88.49,LOW,True,synthetic:who_cdc_rules
27.39,5.92,1.27,50.0,32.8,84.43,MEDIUM,True,synthetic:who_cdc_rules
26.29,7.34,1.52,390.44,0.0,43.08,LOW,True,synthetic:who_cdc_rules
36.29,6.92,16.48,440.84,1.42,74.52,MEDIUM,True,synthetic:who_cdc_rules
30.36,6.42,5.24,432.7,0.0,56.95,MEDIUM,True,synthetic:who_cdc_rules
31.67,6.06,2.36,210.38,14.07,55.49,MEDIUM,True,synthetic:who_cdc_rules
33.34,6.74,0.88,339.21,8.05,57.11,LOW,True,synthetic:who_cdc_rules
23.02,7.54,11.47,400.1,4.4,35.52,MEDIUM,True,synthetic:who_cdc_rules
31.7,6.87,1.98,452.03,11.2,59.99,LOW,True,synthetic:who_cdc_rules
23.48,7.11,9.96,50.0,0.0,76.56,LOW,True,synthetic:who_cdc_rules
22.36,6.39,4.37,92.65,36.36,64.76,MEDIUM,True,synthetic:who_cdc_rules
30.79,6.98,10.21,263.21,24.18,51.63,MEDIUM,True,synthetic:who_cdc_rules
37.85,7.14,8.27,661.48,0.0,39.82,MEDIUM,True,synthetic:who_cdc_rules
24.48,8.86,10.46,333.42,0.0,32.13,MEDIUM,True,synthetic:who_cdc_rules
22.69,7.41,6.75,244.52,0.0,74.08,LOW,True,synthetic:who_cdc_rules
34.74,6.64,5.33,597.78,14.5,88.4,MEDIUM,True,synthetic:who_cdc_rules
37.7,6.66,4.78,50.0,5.73,84.99,MEDIUM,True,synthetic:who_cdc_rules
20.84,7.89,3.76,512.88,9.06,65.72,LOW,True,synthetic:who_cdc_rules
39.11,8.08,0.1,343.32,0.0,85.8,MEDIUM,True,synthetic:who_cdc_rules
31.13,6.36,3.06,95.13,0.0,63.77,MEDIUM,True,synthetic:who_cdc_rules
31.08,5.68,6.59,236.89,0.59,92.03,MEDIUM,True,synthetic:who_cdc_rules
29.9,6.3,10.16,290.58,3.57,69.22,MEDIUM,True,synthetic:who_cdc_rules
36.81,7.08,7.78,511.41,0.0,39.35,MEDIUM,True,synthetic:who_cdc_rules
20.09,8.48,1.01,322.21,0.0,45.27,LOW,True,synthetic:who_cdc_rules
32.12,7.17,11.83,482.81,0.0,38.1,MEDIUM,True,synthetic:who_cdc_rules
26.14,6.08,1.93,373.05,45.97,46.19,MEDIUM,True,synthetic:who_cdc_rules
20.3,8.27,4.35,480.91,0.0,62.99,LOW,True,synthetic:who_cdc_rules
22.66,5.61,13.7,404.68,0.0,71.85,MEDIUM,True,synthetic:who_cdc_rules
22.79,6.03,14.58,171.42,20.99,37.37,MEDIUM,True,synthetic:who_cdc_rules
30.75,8.04,4.32,518.65,19.11,86.73,MEDIUM,True,synthetic:who_cdc_rules
22.86,7.56,4.52,751.44,3.93,80.67,MEDIUM,True,synthetic:who_cdc_rules
24.6,5.74,8.11,570.02,16.93,42.88,MEDIUM,True,synthetic:who_cdc_rules
36.18,7.11,0.96,236.65,0.0,50.4,MEDIUM,True,synthetic:who_cdc_rules
25.31,6.87,5.89,50.0,0.0,86.17,LOW,True,synthetic:who_cdc_rules
18.86,5.57,0.1,247.04,0.0,40.09,MEDIUM,True,synthetic:who_cdc_rules
18.21,7.64,2.82,333.25,25.65,71.02,MEDIUM,True,synthetic:who_cdc_rules
30.9,8.94,2.93,111.6,13.77,36.8,MEDIUM,True,synthetic:who_cdc_rules
18.89,8.93,3.54,514.47,0.0,70.18,MEDIUM,True,synthetic:who_cdc_rules
28.49,5.51,11.16,804.31,0.0,33.78,MEDIUM,True,synthetic:who_cdc_rules
18.84,6.85,3.34,534.4,30.48,30.11,LOW,True,synthetic:who_cdc_rules
26.67,8.95,8.9,465.46,52.05,30.92,MEDIUM,True,synthetic:who_cdc_rules
19.65,8.89,11.55,151.88,1.01,61.15,MEDIUM,True,synthetic:who_cdc_rules
35.74,7.55,6.31,67.79,3.24,41.9,MEDIUM,True,synthetic:who_cdc_rules
33.29,7.6,5.93,274.2,34.4,67.45,LOW,True,synthetic:who_cdc_rules
32.78,8.14,7.89,390.59,34.25,39.49,LOW,True,synthetic:who_cdc_rules
23.42,6.59,17.18,362.34,0.0,93.43,MEDIUM,True,synthetic:who_cdc_rules
19.33,6.8,4.48,430.91,8.78,69.65,LOW,True,synthetic:who_cdc_rules
31.41,6.91,11.56,418.99,61.61,77.94,MEDIUM,True,synthetic:who_cdc_rules
29.39,6.16,7.36,50.0,2.28,55.06,MEDIUM,True,synthetic:who_cdc_rules
28.68,5.88,1.69,50.0,40.14,87.98,LOW,True,synthetic:who_cdc_rules
31.42,7.17,0.1,387.34,0.0,31.39,LOW,True,synthetic:who_cdc_rules
36.76,7.32,6.6,352.72,50.51,87.84,HIGH,True,synthetic:who_cdc_rules
20.36,5.89,5.69,481.63,0.9,65.36,MEDIUM,True,synthetic:who_cdc_rules
29.03,6.71,17.3,50.0,15.1,55.1,MEDIUM,True,synthetic:who_cdc_rules
25.69,8.8,8.68,428.78,18.84,61.97,MEDIUM,True,synthetic:who_cdc_rules
28.4,8.46,3.63,256.92,18.57,47.36,MEDIUM,True,synthetic:who_cdc_rules
34.25,6.25,5.84,50.0,0.0,60.98,MEDIUM,True,synthetic:who_cdc_rules
25.03,7.99,3.3,119.67,0.0,53.87,LOW,True,synthetic:who_cdc_rules
30.4,7.18,0.1,456.14,10.72,82.91,MEDIUM,True,synthetic:who_cdc_rules
28.62,8.51,6.72,861.36,8.52,40.79,MEDIUM,True,synthetic:who_cdc_rules
38.07,8.89,6.43,621.09,11.89,34.41,HIGH,True,synthetic:who_cdc_rules
29.7,7.5,9.03,629.91,17.94,84.38,MEDIUM,True,synthetic:who_cdc_rules
33.09,7.31,0.25,351.82,0.0,55.75,LOW,True,synthetic:who_cdc_rules
25.58,8.27,0.1,142.27,29.09,77.73,LOW,True,synthetic:who_cdc_rules
30.79,5.6,3.08,418.33,63.64,92.7,HIGH,True,synthetic:who_cdc_rules
33.08,6.4,8.09,993.19,0.0,52.46,MEDIUM,True,synthetic:who_cdc_rules
19.39,7.58,0.1,607.61,10.66,94.58,MEDIUM,True,synthetic:who_cdc_rules
18.81,6.56,0.1,601.58,22.95,87.24,MEDIUM,True,synthetic:who_cdc_rules
29.79,8.77,0.1,404.22,34.35,86.21,MEDIUM,True,synthetic:who_cdc_rules
27.61,8.29,6.88,495.67,16.47,76.35,LOW,True,synthetic:who_cdc_rules
34.25,7.63,7.51,326.15,8.46,58.3,LOW,True,synthetic:who_cdc_rules
26.76,6.23,1.74,345.02,32.43,76.9,MEDIUM,True,synthetic:who_cdc_rules
20.22,8.38,5.23,100.82,35.49,35.08,LOW,True,synthetic:who_cdc_rules
20.64,7.02,6.0,373.69,0.0,41.21,LOW,True,synthetic:who_cdc_rules
28.96,6.8,16.07,519.55,49.47,63.76,MEDIUM,True,synthetic:who_cdc_rules
35.12,7.84,11.27,349.37,10.32,71.25,MEDIUM,True,synthetic:who_cdc_rules
29.17,8.45,10.33,539.23,0.0,93.06,MEDIUM,True,synthetic:who_cdc_rules
39.3,6.12,3.18,430.02,22.34,52.86,MEDIUM,True,synthetic:who_cdc_rules
22.57,8.56,10.92,82.67,18.53,82.43,MEDIUM,True,synthetic:who_cdc_rules
19.18,6.63,0.1,381.5,38.4,87.49,LOW,True,synthetic:who_cdc_rules
20.25,8.48,7.97,602.6,0.0,61.75,MEDIUM,True,synthetic:who_cdc_rules
34.84,8.92,7.39,458.3,1.55,67.29,MEDIUM,True,synthetic:who_cdc_rules
39.83,8.39,10.2,305.07,19.33,78.68,MEDIUM,True,synthetic:who_cdc_rules
23.1,7.58,2.7,390.07,34.17,92.38,LOW,True,synthetic:who_cdc_rules
30.53,8.36,9.7,235.11,9.46,86.36,MEDIUM,True,synthetic:who_cdc_rules
39.76,7.79,5.36,427.2,9.11,93.87,MEDIUM,True,synthetic:who_cdc_rules
30.43,6.29,0.1,387.32,31.75,86.08,MEDIUM,True,synthetic:who_cdc_rules
31.41,7.45,19.1,753.04,6.86,81.75,LOW,True,synthetic:who_cdc_rules
38.78,5.83,6.53,310.97,0.0,43.41,MEDIUM,True,synthetic:who_cdc_rules
18.4,7.63,12.3,453.42,33.12,42.21,MEDIUM,True,synthetic:who_cdc_rules
20.49,7.58,5.15,431.17,0.0,44.93,LOW,True,synthetic:who_cdc_rules
24.38,8.03,15.6,482.24,39.82,42.79,MEDIUM,True,synthetic:who_cdc_rules
22.35,8.84,5.97,580.47,27.67,88.83,MEDIUM,True,synthetic:who_cdc_rules
35.92,8.32,4.89,156.03,21.45,93.7,MEDIUM,True,synthetic:who_cdc_rules
29.06,5.61,5.15,311.61,5.9,34.33,LOW,True,synthetic:who_cdc_rules
34.47,7.35,9.51,224.86,0.0,84.05,MEDIUM,True,synthetic:who_cdc_rules
34.76,7.4,0.1,624.03,2.29,83.31,MEDIUM,True,synthetic:who_cdc_rules
18.87,7.97,0.48,438.19,27.57,41.08,LOW,True,synthetic:who_cdc_rules
32.51,6.51,18.47,313.67,0.0,44.11,MEDIUM,True,synthetic:who_cdc_rules
38.02,5.71,14.11,577.48,33.56,68.04,HIGH,True,synthetic:who_cdc_rules
18.35,8.94,7.67,823.95,21.29,39.04,MEDIUM,True,synthetic:who_cdc_rules
23.61,7.07,0.1,749.84,25.81,84.15,MEDIUM,True,synthetic:who_cdc_rules
29.95,8.97,8.18,490.72,41.14,62.02,MEDIUM,True,synthetic:who_cdc_rules
24.45,5.98,12.41,437.21,23.69,59.63,MEDIUM,True,synthetic:who_cdc_rules
32.82,6.78,7.65,352.23,31.73,56.82,LOW,True,synthetic:who_cdc_rules
18.27,7.5,0.1,517.78,13.85,86.95,LOW,True,synthetic:who_cdc_rules
26.38,6.15,1.29,264.65,65.45,42.07,MEDIUM,True,synthetic:who_cdc_rules
39.8,7.77,5.3,200.23,0.0,64.47,MEDIUM,True,synthetic:who_cdc_rules
21.4,7.7,12.52,463.76,34.43,35.93,MEDIUM,True,synthetic:who_cdc_rules
34.45,7.13,1.1,279.08,33.15,48.31,LOW,True,synthetic:who_cdc_rules
34.88,5.53,6.22,766.3,14.4,91.99,HIGH,True,synthetic:who_cdc_rules
20.3,5.65,11.48,309.93,33.57,77.18,MEDIUM,True,synthetic:who_cdc_rules
30.93,7.67,13.76,687.57,32.02,33.77,HIGH,True,synthetic:who_cdc_rules
18.05,7.33,7.95,633.47,15.21,68.11,MEDIUM,True,synthetic:who_cdc_rules
30.86,5.91,3.07,614.79,6.73,42.46,MEDIUM,True,synthetic:who_cdc_rules
31.66,7.44,13.38,141.88,0.0,49.28,MEDIUM,True,synthetic:who_cdc_rules
18.49,8.32,0.1,135.88,13.65,85.35,MEDIUM,True,synthetic:who_cdc_rules
30.16,6.39,7.63,676.94,29.6,36.8,MEDIUM,True,synthetic:who_cdc_rules
32.27,8.7,0.1,869.32,8.8,31.31,MEDIUM,True,synthetic:who_cdc_rules
34.42,6.13,2.92,159.25,7.97,44.2,MEDIUM,True,synthetic:who_cdc_rules
26.02,7.32,19.22,358.69,17.73,49.54,MEDIUM,True,synthetic:who_cdc_rules
18.48,8.85,6.19,493.11,7.48,74.53,MEDIUM,True,synthetic:who_cdc_rules
25.87,5.6,3.16,453.9,23.59,38.44,MEDIUM,True,synthetic:who_cdc_rules
28.98,7.19,12.49,497.21,0.0,73.05,MEDIUM,True,synthetic:who_cdc_rules
25.3,5.53,9.53,319.08,35.19,74.11,MEDIUM,True,synthetic:who_cdc_rules
22.02,7.62,7.51,747.68,6.62,83.34,MEDIUM,True,synthetic:who_cdc_rules
32.17,6.26,8.86,453.47,11.7,76.66,MEDIUM,True,synthetic:who_cdc_rules
37.99,8.78,0.1,71.17,10.06,59.58,MEDIUM,True,synthetic:who_cdc_rules
21.89,5.93,1.97,139.48,0.0,81.75,MEDIUM,True,synthetic:who_cdc_rules
21.99,6.13,0.1,222.62,6.72,36.64,MEDIUM,True,synthetic:who_cdc_rules
35.31,7.52,0.1,938.72,25.56,36.21,MEDIUM,True,synthetic:who_cdc_rules
33.67,5.64,16.84,553.05,0.0,35.77,MEDIUM,True,synthetic:who_cdc_rules
29.15,8.01,7.78,339.47,0.75,76.57,LOW,True,synthetic:who_cdc_rules
34.96,8.75,1.62,472.11,20.14,31.14,LOW,True,synthetic:who_cdc_rules
27.79,6.63,2.35,164.54,5.85,86.42,LOW,True,synthetic:who_cdc_rules
35.09,8.3,5.22,190.54,40.39,44.06,MEDIUM,True,synthetic:who_cdc_rules
33.1,8.8,5.33,396.1,0.0,30.29,MEDIUM,True,synthetic:who_cdc_rules
22.53,7.48,5.95,456.64,0.0,93.17,LOW,True,synthetic:who_cdc_rules
19.66,6.4,13.37,53.64,11.46,81.29,MEDIUM,True,synthetic:who_cdc_rules
32.0,8.21,4.02,248.92,46.97,60.68,MEDIUM,True,synthetic:who_cdc_rules
19.69,6.07,4.3,648.09,0.0,54.04,MEDIUM,True,synthetic:who_cdc_rules
19.87,8.09,7.42,200.64,7.85,64.76,LOW,True,synthetic:who_cdc_rules
25.67,8.64,5.98,324.85,18.5,69.59,HIGH,True,synthetic:who_cdc_rules
30.8,6.55,6.59,511.33,0.0,41.55,LOW,True,synthetic:who_cdc_rules
32.49,6.29,3.53,501.1,37.01,56.42,MEDIUM,True,synthetic:who_cdc_rules
24.15,7.29,11.2,388.0,0.0,79.08,MEDIUM,True,synthetic:who_cdc_rules
19.61,6.57,7.29,418.3,35.66,68.45,LOW,True,synthetic:who_cdc_rules
35.87,8.38,7.3,419.86,10.72,76.36,MEDIUM,True,synthetic:who_cdc_rules
19.26,7.02,9.63,295.28,3.53,66.19,LOW,True,synthetic:who_cdc_rules
19.97,6.28,0.1,659.61,17.96,55.09,MEDIUM,True,synthetic:who_cdc_rules
21.06,7.04,7.2,406.15,14.89,45.36,LOW,True,synthetic:who_cdc_rules
34.0,8.52,8.74,543.88,0.0,37.83,MEDIUM,True,synthetic:who_cdc_rules
19.28,5.59,3.17,284.96,18.4,63.82,MEDIUM,True,synthetic:who_cdc_rules
25.13,8.53,19.13,785.05,28.78,48.86,HIGH,True,synthetic:who_cdc_rules
34.26,7.77,12.03,607.57,39.89,61.16,MEDIUM,True,synthetic:who_cdc_rules
29.35,8.69,0.1,297.83,17.44,48.07,MEDIUM,True,synthetic:who_cdc_rules
31.43,8.46,11.28,588.57,0.0,40.04,MEDIUM,True,synthetic:who_cdc_rules
22.89,8.6,1.77,399.64,26.78,57.53,MEDIUM,True,synthetic:who_cdc_rules
34.14,5.6,10.79,358.14,8.98,92.08,HIGH,True,synthetic:who_cdc_rules
26.65,6.3,5.49,387.56,0.0,90.71,MEDIUM,True,synthetic:who_cdc_rules
33.18,8.83,11.06,172.61,9.19,50.01,MEDIUM,True,synthetic:who_cdc_rules
20.91,7.82,6.44,373.45,0.0,81.68,LOW,True,synthetic:who_cdc_rules
29.91,8.41,14.01,189.79,27.15,77.97,MEDIUM,True,synthetic:who_cdc_rules
37.19,7.58,8.72,558.16,14.49,55.28,MEDIUM,True,synthetic:who_cdc_rules
25.17,7.7,0.1,230.91,21.36,63.78,LOW,True,synthetic:who_cdc_rules
25.28,6.43,7.78,268.49,3.34,77.12,MEDIUM,True,synthetic:who_cdc_rules
27.93,6.72,6.97,423.97,0.0,67.39,LOW,True,synthetic:who_cdc_rules
29.54,7.84,0.1,688.74,13.23,92.68,MEDIUM,True,synthetic:who_cdc_rules
19.95,8.65,13.51,227.3,36.15,39.84,MEDIUM,True,synthetic:who_cdc_rules
24.97,6.93,0.1,397.82,13.39,62.66,LOW,True,synthetic:who_cdc_rules
31.39,7.16,10.46,464.35,14.87,78.99,MEDIUM,True,synthetic:who_cdc_rules
27.37,5.99,0.1,339.99,53.32,44.95,MEDIUM,True,synthetic:who_cdc_rules
37.98,6.55,1.6,422.5,0.0,65.34,MEDIUM,True,synthetic:who_cdc_rules
35.57,7.3,6.6,363.24,0.39,52.76,MEDIUM,True,synthetic:who_cdc_rules
23.94,6.45,4.96,50.0,31.18,64.51,MEDIUM,True,synthetic:who_cdc_rules
39.43,8.4,0.12,730.17,0.0,48.7,MEDIUM,True,synthetic:who_cdc_rules
39.5,7.55,4.24,388.39,37.38,88.48,MEDIUM,True,synthetic:who_cdc_rules
29.48,5.91,12.93,532.89,0.0,53.4,MEDIUM,True,synthetic:who_cdc_rules
37.49,5.94,10.85,449.26,0.0,30.09,HIGH,True,synthetic:who_cdc_rules
31.53,5.67,11.78,406.13,36.83,93.53,LOW,True,synthetic:who_cdc_rules
28.86,7.15,4.35,536.39,1.32,82.28,MEDIUM,True,synthetic:who_cdc_rules
21.47,7.34,4.75,209.57,28.33,58.13,HIGH,True,synthetic:who_cdc_rules
25.68,7.82,3.76,637.42,9.3,62.84,MEDIUM,True,synthetic:who_cdc_rules
37.45,7.45,9.18,404.73,54.85,40.52,MEDIUM,True,synthetic:who_cdc_rules
25.68,5.53,18.26,506.39,42.53,44.4,HIGH,True,synthetic:who_cdc_rules
20.34,6.69,0.35,314.77,29.38,90.68,LOW,True,synthetic:who_cdc_rules
27.88,6.25,13.19,434.35,28.25,70.02,LOW,True,synthetic:who_cdc_rules
26.42,8.88,0.1,460.08,0.0,36.82,MEDIUM,True,synthetic:who_cdc_rules
35.52,7.48,8.79,810.38,33.47,82.01,HIGH,True,synthetic:who_cdc_rules
32.62,5.95,9.43,328.71,15.46,31.1,MEDIUM,True,synthetic:who_cdc_rules
22.16,6.26,3.7,178.57,0.0,62.16,MEDIUM,True,synthetic:who_cdc_rules
39.6,6.57,5.16,157.2,15.11,63.19,MEDIUM,True,synthetic:who_cdc_rules
23.65,6.73,0.1,240.45,11.53,83.87,LOW,True,synthetic:who_cdc_rules
35.37,8.59,5.21,323.33,0.0,72.19,MEDIUM,True,synthetic:who_cdc_rules
21.52,8.18,0.1,212.76,0.0,47.59,LOW,True,synthetic:who_cdc_rules
34.43,8.2,10.42,472.52,42.58,77.65,MEDIUM,True,synthetic:who_cdc_rules
24.63,6.13,6.73,73.9,16.33,35.22,MEDIUM,True,synthetic:who_cdc_rules
35.81,6.64,0.1,496.37,43.29,63.51,MEDIUM,True,synthetic:who_cdc_rules
24.76,5.51,14.15,424.24,0.0,44.7,MEDIUM,True,synthetic:who_cdc_rules
19.5,5.95,10.35,259.44,46.16,86.02,HIGH,True,synthetic:who_cdc_rules
25.64,8.75,5.68,603.73,12.93,78.35,MEDIUM,True,synthetic:who_cdc_rules
35.14,8.36,10.31,380.69,0.0,42.33,MEDIUM,True,synthetic:who_cdc_rules
35.52,7.31,2.4,625.58,19.55,76.43,MEDIUM,True,synthetic:who_cdc_rules
26.58,6.47,11.23,390.47,17.16,93.8,MEDIUM,True,synthetic:who_cdc_rules
20.17,6.61,0.1,344.17,17.49,84.29,LOW,True,synthetic:who_cdc_rules
26.66,8.76,10.7,449.73,0.0,83.17,MEDIUM,True,synthetic:who_cdc_rules
33.49,7.34,15.88,392.92,26.09,31.79,MEDIUM,True,synthetic:who_cdc_rules
28.97,6.55,1.85,128.5,6.17,93.95,MEDIUM,True,synthetic:who_cdc_rules
35.7,7.62,5.35,406.46,0.0,94.72,MEDIUM,True,synthetic:who_cdc_rules
31.89,6.87,6.32,483.02,35.36,52.74,LOW,True,synthetic:who_cdc_rules
36.1,6.34,7.91,322.01,48.89,56.41,HIGH,True,synthetic:who_cdc_rules
20.61,8.9,4.77,346.03,0.0,65.25,MEDIUM,True,synthetic:who_cdc_rules
28.97,6.69,4.93,332.55,1.3,75.46,LOW,True,synthetic:who_cdc_rules
25.3,7.98,0.84,335.85,42.6,59.76,MEDIUM,True,synthetic:who_cdc_rules
36.35,6.69,9.32,276.45,2.56,54.76,MEDIUM,True,synthetic:who_cdc_rules
30.37,7.45,6.22,505.19,8.76,50.76,LOW,True,synthetic:who_cdc_rules
33.28,8.82,1.22,461.74,2.31,49.82,MEDIUM,True,synthetic:who_cdc_rules
38.95,8.35,5.61,557.26,0.0,74.61,MEDIUM,True,synthetic:who_cdc_rules
22.38,7.58,9.95,411.94,26.3,91.58,LOW,True,synthetic:who_cdc_rules
39.82,7.26,6.8,328.13,4.05,57.08,HIGH,True,synthetic:who_cdc_rules
34.64,7.64,0.1,300.52,8.68,63.5,LOW,True,synthetic:who_cdc_rules
19.43,7.65,0.1,353.21,12.84,80.58,LOW,True,synthetic:who_cdc_rules
33.7,6.3,0.1,529.41,27.19,48.5,MEDIUM,True,synthetic:who_cdc_rules
21.65,8.3,3.2,191.0,25.55,94.24,LOW,True,synthetic:who_cdc_rules
25.35,6.73,0.1,80.03,16.52,60.28,LOW,True,synthetic:who_cdc_rules
39.48,7.02,4.46,447.48,25.13,70.96,MEDIUM,True,synthetic:who_cdc_rules
19.06,5.98,1.72,323.96,24.83,83.39,MEDIUM,True,synthetic:who_cdc_rules
29.57,8.53,10.75,503.84,45.7,81.12,LOW,True,synthetic:who_cdc_rules
26.16,7.03,2.76,324.21,44.65,50.54,MEDIUM,True,synthetic:who_cdc_rules
30.77,7.41,3.73,169.4,43.7,33.98,MEDIUM,True,synthetic:who_cdc_rules
26.2,6.25,4.43,244.24,0.0,38.1,MEDIUM,True,synthetic:who_cdc_rules
36.25,5.54,6.17,317.57,27.28,49.94,MEDIUM,True,synthetic:who_cdc_rules
28.36,7.21,7.14,153.35,27.33,90.3,MEDIUM,True,synthetic:who_cdc_rules
33.92,8.39,8.36,619.21,0.0,35.08,MEDIUM,True,synthetic:who_cdc_rules
29.95,6.44,10.16,592.65,0.0,35.73,MEDIUM,True,synthetic:who_cdc_rules
23.53,8.02,1.13,813.21,0.0,92.68,MEDIUM,True,synthetic:who_cdc_rules
39.74,5.92,1.14,50.0,45.83,91.65,LOW,True,synthetic:who_cdc_rules
25.6,6.64,6.27,131.92,25.09,67.69,LOW,True,synthetic:who_cdc_rules
22.44,7.0,5.77,62.16,0.0,55.67,LOW,True,synthetic:who_cdc_rules
34.8,8.13,0.51,484.55,19.41,65.95,LOW,True,synthetic:who_cdc_rules
30.61,8.28,3.55,519.31,11.19,86.1,HIGH,True,synthetic:who_cdc_rules
36.93,8.92,6.2,754.74,11.99,48.2,HIGH,True,synthetic:who_cdc_rules
22.84,6.15,3.62,573.14,17.73,67.38,MEDIUM,True,synthetic:who_cdc_rules
31.37,6.27,11.87,287.39,37.84,75.83,MEDIUM,True,synthetic:who_cdc_rules
37.42,8.43,5.31,413.63,15.69,82.0,MEDIUM,True,synthetic:who_cdc_rules
22.55,8.6,3.43,649.98,29.19,42.67,MEDIUM,True,synthetic:who_cdc_rules
19.77,8.35,7.04,400.35,14.67,89.41,LOW,True,synthetic:who_cdc_rules
28.85,5.98,14.27,295.37,6.71,31.16,MEDIUM,True,synthetic:who_cdc_rules
37.9,6.51,5.25,341.89,0.0,47.67,MEDIUM,True,synthetic:who_cdc_rules
36.79,6.35,0.1,372.45,10.77,57.55,HIGH,True,synthetic:who_cdc_rules
22.3,5.78,1.48,339.7,2.1,87.9,MEDIUM,True,synthetic:who_cdc_rules
19.22,6.72,11.01,189.42,0.0,84.77,MEDIUM,True,synthetic:who_cdc_rules
18.03,7.76,3.5,454.11,26.32,82.71,LOW,True,synthetic:who_cdc_rules
26.13,7.01,5.6,541.68,1.55,82.89,LOW,True,synthetic:who_cdc_rules
35.92,7.75,11.56,353.34,20.85,89.7,HIGH,True,synthetic:who_cdc_rules
31.88,7.53,3.65,461.98,6.92,87.67,MEDIUM,True,synthetic:who_cdc_rules
37.23,8.04,8.18,598.31,0.0,40.04,MEDIUM,True,synthetic:who_cdc_rules
26.87,6.57,2.24,283.15,35.44,34.6,LOW,True,synthetic:who_cdc_rules
28.42,7.16,11.4,580.55,16.15,78.6,MEDIUM,True,synthetic:who_cdc_rules
19.29,7.77,12.26,708.7,0.0,77.08,MEDIUM,True,synthetic:who_cdc_rules
37.01,6.11,2.91,536.55,13.62,45.32,MEDIUM,True,synthetic:who_cdc_rules
30.2,8.38,7.47,427.56,3.43,45.14,LOW,True,synthetic:who_cdc_rules
20.4,6.57,0.1,532.71,40.54,38.66,MEDIUM,True,synthetic:who_cdc_rules
25.42,5.52,4.04,812.65,28.51,81.13,MEDIUM,True,synthetic:who_cdc_rules
36.6,6.69,9.99,391.85,10.03,92.66,MEDIUM,True,synthetic:who_cdc_rules
31.39,7.96,10.58,241.32,12.0,74.21,MEDIUM,True,synthetic:who_cdc_rules
36.15,7.82,0.1,264.55,47.13,35.37,MEDIUM,True,synthetic:who_cdc_rules
31.53,7.06,6.24,153.1,0.0,54.63,LOW,True,synthetic:who_cdc_rules
32.34,7.35,14.01,223.52,36.2,94.97,MEDIUM,True,synthetic:who_cdc_rules
23.8,5.82,0.1,303.23,21.57,51.15,HIGH,True,synthetic:who_cdc_rules
38.84,8.76,2.16,212.84,24.3,87.19,HIGH,True,synthetic:who_cdc_rules
18.0,8.19,15.36,307.55,0.0,63.56,MEDIUM,True,synthetic:who_cdc_rules
18.48,7.21,9.98,655.67,33.74,60.98,MEDIUM,True,synthetic:who_cdc_rules
38.39,6.22,16.81,609.19,29.3,74.12,HIGH,True,synthetic:who_cdc_rules
39.68,7.61,15.67,257.23,0.0,35.47,MEDIUM,True,synthetic:who_cdc_rules
30.04,6.33,9.39,792.46,0.0,70.43,HIGH,True,synthetic:who_cdc_rules
23.71,7.72,0.1,598.87,0.0,79.66,HIGH,True,synthetic:who_cdc_rules
23.64,8.69,5.37,427.94,0.0,77.23,MEDIUM,True,synthetic:who_cdc_rules
36.39,7.11,0.67,700.26,27.29,45.67,MEDIUM,True,synthetic:who_cdc_rules
29.74,6.52,3.05,169.83,0.0,70.64,LOW,True,synthetic:who_cdc_rules
29.29,6.25,8.25,528.78,7.31,54.67,MEDIUM,True,synthetic:who_cdc_rules
28.17,6.47,5.65,430.62,3.59,79.75,MEDIUM,True,synthetic:who_cdc_rules
30.79,8.23,10.83,494.98,0.0,58.92,HIGH,True,synthetic:who_cdc_rules
32.1,7.66,0.1,618.1,0.0,86.68,MEDIUM,True,synthetic:who_cdc_rules
20.36,7.11,6.27,345.49,12.05,35.69,LOW,True,synthetic:who_cdc_rules
33.75,5.69,0.1,50.0,0.0,82.36,MEDIUM,True,synthetic:who_cdc_rules
26.64,8.85,3.53,50.0,48.13,63.17,MEDIUM,True,synthetic:who_cdc_rules
21.17,7.48,0.1,50.0,57.24,82.97,MEDIUM,True,synthetic:who_cdc_rules
21.04,6.91,5.66,402.26,0.0,30.23,LOW,True,synthetic:who_cdc_rules
30.6,7.26,1.56,160.58,7.56,43.3,LOW,True,synthetic:who_cdc_rules
39.65,7.7,15.22,650.91,21.34,83.13,HIGH,True,synthetic:who_cdc_rules
34.71,6.35,8.38,449.35,26.39,67.38,MEDIUM,True,synthetic:who_cdc_rules
39.54,8.01,13.95,319.6,0.0,89.72,HIGH,True,synthetic:who_cdc_rules
20.54,7.77,6.99,407.66,42.89,54.68,MEDIUM,True,synthetic:who_cdc_rules
20.91,6.61,3.31,270.58,24.52,46.49,LOW,True,synthetic:who_cdc_rules
23.83,7.55,18.89,524.93,0.0,55.56,MEDIUM,True,synthetic:who_cdc_rules
27.35,7.57,4.29,342.42,0.0,72.66,LOW,True,synthetic:who_cdc_rules
24.88,5.74,3.87,383.63,22.02,80.2,MEDIUM,True,synthetic:who_cdc_rules
37.24,8.75,7.51,482.83,1.33,90.0,HIGH,True,synthetic:who_cdc_rules
30.59,6.38,7.32,841.63,0.59,65.32,MEDIUM,True,synthetic:who_cdc_rules
26.34,8.59,3.27,546.57,36.22,65.48,MEDIUM,True,synthetic:who_cdc_rules
34.59,5.99,3.76,214.67,4.79,74.5,MEDIUM,True,synthetic:who_cdc_rules
33.51,7.04,9.57,550.72,0.0,73.41,LOW,True,synthetic:who_cdc_rules
29.05,7.55,4.01,383.3,18.19,74.35,LOW,True,synthetic:who_cdc_rules
36.89,6.9,0.1,677.97,16.22,82.87,HIGH,True,synthetic:who_cdc_rules
26.66,6.87,6.44,430.78,34.76,42.75,LOW,True,synthetic:who_cdc_rules
36.67,8.75,14.21,727.16,0.0,43.21,HIGH,True,synthetic:who_cdc_rules
31.7,5.88,17.57,517.73,38.94,55.56,MEDIUM,True,synthetic:who_cdc_rules
24.71,6.49,3.6,104.33,25.47,53.39,MEDIUM,True,synthetic:who_cdc_rules
22.34,6.67,4.22,533.26,0.0,63.35,LOW,True,synthetic:who_cdc_rules
24.78,6.8,6.31,358.14,0.33,78.31,LOW,True,synthetic:who_cdc_rules
29.95,5.8,10.0,623.23,17.71,94.61,HIGH,True,synthetic:who_cdc_rules
27.06,8.93,5.26,564.19,5.54,49.81,MEDIUM,True,synthetic:who_cdc_rules
23.92,7.59,0.3,85.57,0.0,32.8,LOW,True,synthetic:who_cdc_rules
37.13,8.28,4.38,117.3,8.04,43.94,MEDIUM,True,synthetic:who_cdc_rules
19.56,8.16,3.92,126.49,0.0,32.92,LOW,True,synthetic:who_cdc_rules
22.44,9.0,15.81,965.54,16.71,63.75,HIGH,True,synthetic:who_cdc_rules
28.37,8.67,8.75,50.0,16.72,35.96,MEDIUM,True,synthetic:who_cdc_rules
22.47,8.95,5.06,416.81,32.26,69.4,MEDIUM,True,synthetic:who_cdc_rules
26.72,5.61,14.77,510.89,12.61,50.24,MEDIUM,True,synthetic:who_cdc_rules
19.47,6.96,2.46,112.56,58.1,44.1,MEDIUM,True,synthetic:who_cdc_rules
34.18,8.58,0.1,130.29,10.14,81.68,MEDIUM,True,synthetic:who_cdc_rules
39.55,5.66,0.99,436.35,30.51,56.85,MEDIUM,True,synthetic:who_cdc_rules
19.6,7.4,0.69,449.77,26.26,45.83,LOW,True,synthetic:who_cdc_rules
34.15,5.92,1.67,237.71,8.08,89.92,MEDIUM,True,synthetic:who_cdc_rules
29.65,7.3,2.18,268.4,2.6,70.52,LOW,True,synthetic:who_cdc_rules
27.7,7.37,0.1,425.77,0.0,53.74,LOW,True,synthetic:who_cdc_rules
30.53,6.26,7.72,130.65,29.99,93.38,MEDIUM,True,synthetic:who_cdc_rules
38.53,5.84,5.7,464.21,35.96,68.85,MEDIUM,True,synthetic:who_cdc_rules
35.96,8.3,0.91,600.1,19.34,84.35,HIGH,True,synthetic:who_cdc_rules
20.51,6.29,9.59,327.15,4.69,35.96,MEDIUM,True,synthetic:who_cdc_rules
39.06,8.88,5.86,332.19,28.11,44.74,MEDIUM,True,synthetic:who_cdc_rules
28.38,6.09,7.98,715.38,28.48,46.48,MEDIUM,True,synthetic:who_cdc_rules
24.51,7.78,10.79,133.47,3.53,37.47,MEDIUM,True,synthetic:who_cdc_rules
33.52,6.72,0.1,348.97,0.0,94.12,MEDIUM,True,synthetic:who_cdc_rules
24.18,7.3,4.52,59.16,0.0,67.02,LOW,True,synthetic:who_cdc_rules
31.95,6.72,11.81,601.73,0.0,47.63,MEDIUM,True,synthetic:who_cdc_rules
36.43,8.72,0.1,1077.16,10.71,33.2,HIGH,True,synthetic:who_cdc_rules
33.67,8.54,3.46,475.69,47.7,77.89,MEDIUM,True,synthetic:who_cdc_rules
37.47,6.9,4.95,409.52,31.48,55.11,MEDIUM,True,synthetic:who_cdc_rules
26.56,8.48,11.73,354.51,35.81,39.53,MEDIUM,True,synthetic:who_cdc_rules
34.3,7.93,2.65,470.97,25.92,58.05,LOW,True,synthetic:who_cdc_rules
25.14,8.96,12.31,300.16,80.59,34.67,HIGH,True,synthetic:who_cdc_rules
33.92,7.01,13.63,386.82,30.12,49.79,MEDIUM,True,synthetic:who_cdc_rules
36.57,8.27,12.35,493.25,24.48,79.44,HIGH,True,synthetic:who_cdc_rules
38.67,8.79,8.16,379.39,0.72,30.65,MEDIUM,True,synthetic:who_cdc_rules
36.98,7.65,3.57,401.66,4.26,72.93,MEDIUM,True,synthetic:who_cdc_rules
36.01,8.11,11.93,521.67,0.0,48.36,MEDIUM,True,synthetic:who_cdc_rules
38.42,6.98,6.11,518.88,5.33,53.7,MEDIUM,True,synthetic:who_cdc_rules
18.22,6.87,14.58,369.57,30.62,63.4,MEDIUM,True,synthetic:who_cdc_rules
20.05,6.02,11.28,619.98,0.12,58.72,HIGH,True,synthetic:who_cdc_rules
19.88,5.77,0.1,515.55,0.0,76.21,MEDIUM,True,synthetic:who_cdc_rules
30.27,7.48,7.59,195.59,41.32,84.84,MEDIUM,True,synthetic:who_cdc_rules
35.27,7.68,13.58,503.45,13.89,81.17,HIGH,True,synthetic:who_cdc_rules
25.96,7.57,0.88,476.97,10.95,72.31,LOW,True,synthetic:who_cdc_rules
28.08,6.26,6.29,173.21,12.18,72.48,MEDIUM,True,synthetic:who_cdc_rules
27.56,8.22,0.1,501.92,12.33,44.51,LOW,True,synthetic:who_cdc_rules
22.22,6.8,0.1,429.1,0.0,69.96,LOW,True,synthetic:who_cdc_rules
27.2,8.58,0.1,345.67,0.0,74.59,MEDIUM,True,synthetic:who_cdc_rules
38.43,5.84,0.1,332.97,19.94,83.63,HIGH,True,synthetic:who_cdc_rules
26.06,8.59,0.1,272.12,38.82,42.97,MEDIUM,True,synthetic:who_cdc_rules
18.16,8.99,0.1,619.33,0.0,46.36,LOW,True,synthetic:who_cdc_rules
37.47,8.52,13.5,333.98,35.87,57.25,HIGH,True,synthetic:who_cdc_rules
25.07,6.94,7.73,126.41,24.66,48.34,LOW,True,synthetic:who_cdc_rules
27.63,7.97,0.1,625.78,12.06,79.95,MEDIUM,True,synthetic:who_cdc_rules
22.9,6.12,0.1,50.0,10.57,68.09,MEDIUM,True,synthetic:who_cdc_rules
39.18,6.84,2.17,325.91,11.25,41.4,MEDIUM,True,synthetic:who_cdc_rules
36.88,7.92,9.58,723.51,38.54,78.16,MEDIUM,True,synthetic:who_cdc_rules
25.44,8.68,8.06,670.24,31.4,47.95,MEDIUM,True,synthetic:who_cdc_rules
23.23,6.99,0.1,348.42,13.88,56.86,LOW,True,synthetic:who_cdc_rules
37.56,8.37,0.1,471.07,0.0,71.08,MEDIUM,True,synthetic:who_cdc_rules
39.64,7.05,0.1,196.96,0.0,57.81,MEDIUM,True,synthetic:who_cdc_rules
31.46,5.71,2.51,269.26,0.0,72.25,MEDIUM,True,synthetic:who_cdc_rules
26.3,6.29,5.16,107.04,10.62,71.32,MEDIUM,True,synthetic:who_cdc_rules
37.39,7.26,7.16,463.72,26.43,74.69,MEDIUM,True,synthetic:who_cdc_rules
24.91,8.01,12.58,430.22,36.51,71.41,MEDIUM,True,synthetic:who_cdc_rules
20.07,7.22,11.82,372.87,21.3,48.13,MEDIUM,True,synthetic:who_cdc_rules
29.32,7.33,3.92,631.88,0.0,93.22,MEDIUM,True,synthetic:who_cdc_rules
18.5,7.13,6.24,280.81,23.51,53.76,LOW,True,synthetic:who_cdc_rules
18.16,8.24,9.32,372.62,13.94,94.91,LOW,True,synthetic:who_cdc_rules
26.59,7.13,4.97,448.45,0.0,69.92,LOW,True,synthetic:who_cdc_rules
24.12,8.72,2.5,134.77,58.73,40.04,MEDIUM,True,synthetic:who_cdc_rules
23.14,5.88,1.92,504.59,0.0,67.1,MEDIUM,True,synthetic:who_cdc_rules
32.9,8.29,10.2,640.26,10.26,78.87,MEDIUM,True,synthetic:who_cdc_rules
37.54,6.83,4.27,50.0,16.23,73.83,MEDIUM,True,synthetic:who_cdc_rules
18.79,6.21,8.29,581.93,30.14,32.02,MEDIUM,True,synthetic:who_cdc_rules
19.06,8.93,5.07,440.35,0.0,75.48,MEDIUM,True,synthetic:who_cdc_rules
30.07,6.84,0.1,674.4,28.77,69.76,MEDIUM,True,synthetic:who_cdc_rules
35.1,8.45,4.67,379.44,52.08,80.96,HIGH,True,synthetic:who_cdc_rules
24.8,8.02,1.09,559.89,28.15,88.59,LOW,True,synthetic:who_cdc_rules
33.38,6.04,13.73,648.05,70.3,64.55,HIGH,True,synthetic:who_cdc_rules
29.83,8.68,14.65,445.02,0.0,51.11,MEDIUM,True,synthetic:who_cdc_rules
35.58,8.92,2.13,703.43,15.53,67.09,HIGH,True,synthetic:who_cdc_rules
28.96,6.38,5.74,421.84,34.43,90.13,MEDIUM,True,synthetic:who_cdc_rules
34.78,5.86,0.7,320.23,12.71,65.24,MEDIUM,True,synthetic:who_cdc_rules
25.59,7.15,7.9,390.55,28.2,86.45,LOW,True,synthetic:who_cdc_rules
25.8,7.55,3.85,573.74,27.72,48.4,LOW,True,synthetic:who_cdc_rules
19.42,7.75,3.5,455.85,18.62,86.36,LOW,True,synthetic:who_cdc_rules
34.18,5.53,0.1,89.26,20.99,40.04,MEDIUM,True,synthetic:who_cdc_rules
20.53,6.41,10.11,664.0,16.5,94.34,HIGH,True,synthetic:who_cdc_rules
25.76,8.52,5.92,458.77,26.49,69.34,MEDIUM,True,synthetic:who_cdc_rules
23.89,7.25,10.84,506.8,21.63,70.91,MEDIUM,True,synthetic:who_cdc_rules
20.36,7.97,4.61,492.91,0.0,78.67,LOW,True,synthetic:who_cdc_rules
37.53,5.84,7.01,774.56,30.03,89.03,HIGH,True,synthetic:who_cdc_rules
24.3,8.73,14.22,447.52,1.52,70.66,MEDIUM,True,synthetic:who_cdc_rules
31.4,8.48,9.49,907.35,0.0,52.92,MEDIUM,True,synthetic:who_cdc_rules
19.54,8.03,8.83,390.15,26.46,82.82,LOW,True,synthetic:who_cdc_rules
24.93,5.52,1.56,332.52,0.0,35.92,MEDIUM,True,synthetic:who_cdc_rules
18.72,7.33,5.12,266.52,23.19,91.99,LOW,True,synthetic:who_cdc_rules
20.33,5.78,9.38,391.39,0.0,89.07,MEDIUM,True,synthetic:who_cdc_rules
31.41,7.38,4.33,515.48,9.79,58.97,LOW,True,synthetic:who_cdc_rules
26.38,8.64,8.92,562.04,7.49,70.79,MEDIUM,True,synthetic:who_cdc_rules
35.06,7.96,0.1,648.88,0.0,57.1,MEDIUM,True,synthetic:who_cdc_rules
18.72,6.5,6.32,488.09,0.0,52.32,LOW,True,synthetic:who_cdc_rules
30.02,7.44,3.8,406.7,61.21,39.11,MEDIUM,True,synthetic:who_cdc_rules
32.57,5.65,6.02,570.83,0.0,58.18,MEDIUM,True,synthetic:who_cdc_rules
29.47,5.72,7.04,306.89,16.31,70.96,MEDIUM,True,synthetic:who_cdc_rules
39.54,6.61,0.1,182.72,17.88,32.03,MEDIUM,True,synthetic:who_cdc_rules
26.92,7.03,7.98,226.31,23.81,68.98,LOW,True,synthetic:who_cdc_rules
37.22,8.21,0.1,215.15,4.83,50.34,MEDIUM,True,synthetic:who_cdc_rules
33.78,6.24,4.33,381.25,17.7,55.39,MEDIUM,True,synthetic:who_cdc_rules
30.89,7.63,0.1,436.05,28.61,80.69,MEDIUM,True,synthetic:who_cdc_rules
39.26,8.54,0.36,284.49,0.0,44.46,MEDIUM,True,synthetic:who_cdc_rules
21.45,7.06,1.08,434.2,42.43,48.51,MEDIUM,True,synthetic:who_cdc_rules
29.73,6.25,10.61,59.12,16.6,81.04,HIGH,True,synthetic:who_cdc_rules
29.21,5.98,6.07,475.42,27.71,46.88,MEDIUM,True,synthetic:who_cdc_rules
37.12,6.43,15.39,387.56,32.66,43.69,HIGH,True,synthetic:who_cdc_rules
23.32,6.06,8.04,477.86,0.0,66.39,MEDIUM,True,synthetic:who_cdc_rules
26.68,6.01,11.43,411.49,0.0,53.74,MEDIUM,True,synthetic:who_cdc_rules
34.84,5.81,3.88,547.52,25.09,55.41,MEDIUM,True,synthetic:who_cdc_rules
29.89,6.62,0.33,488.22,21.24,30.06,LOW,True,synthetic:who_cdc_rules
35.08,8.16,9.66,132.81,0.0,94.18,MEDIUM,True,synthetic:who_cdc_rules
30.6,8.97,19.21,172.71,17.9,56.65,MEDIUM,True,synthetic:who_cdc_rules
34.51,5.75,5.45,629.19,29.13,36.54,MEDIUM,True,synthetic:who_cdc_rules
35.61,7.73,2.43,488.52,34.89,51.58,MEDIUM,True,synthetic:who_cdc_rules
25.81,7.36,0.1,668.71,11.31,42.66,MEDIUM,True,synthetic:who_cdc_rules
21.64,8.24,9.07,457.06,5.75,37.16,LOW,True,synthetic:who_cdc_rules
26.74,8.3,9.39,619.4,26.11,49.84,MEDIUM,True,synthetic:who_cdc_rules
39.76,5.86,4.67,321.5,10.25,39.46,MEDIUM,True,synthetic:who_cdc_rules
27.9,8.32,1.48,455.26,10.1,64.97,LOW,True,synthetic:who_cdc_rules
35.14,6.31,7.52,712.01,0.0,52.72,HIGH,True,synthetic:who_cdc_rules
21.52,8.96,2.68,286.04,39.62,64.02,MEDIUM,True,synthetic:who_cdc_rules
37.67,7.63,5.41,390.52,24.11,93.43,MEDIUM,True,synthetic:who_cdc_rules
22.98,7.11,0.1,202.77,10.26,48.29,LOW,True,synthetic:who_cdc_rules
37.4,7.76,6.23,539.74,38.2,67.75,MEDIUM,True,synthetic:who_cdc_rules
22.93,7.42,5.29,326.04,7.32,43.31,LOW,True,synthetic:who_cdc_rules
28.26,6.4,6.61,50.0,11.08,70.27,MEDIUM,True,synthetic:who_cdc_rules
37.12,7.91,7.07,183.63,50.76,36.76,MEDIUM,True,synthetic:who_cdc_rules
21.26,7.65,5.31,155.21,9.66,43.89,LOW,True,synthetic:who_cdc_rules
20.0,8.54,1.18,432.16,38.69,59.06,MEDIUM,True,synthetic:who_cdc_rules
34.94,5.66,4.56,171.0,2.72,71.0,MEDIUM,True,synthetic:who_cdc_rules
30.92,6.16,1.79,70.57,29.25,45.69,HIGH,True,synthetic:who_cdc_rules
35.72,8.55,2.06,480.88,23.65,68.88,MEDIUM,True,synthetic:who_cdc_rules
23.3,7.95,9.14,436.46,28.23,54.84,LOW,True,synthetic:who_cdc_rules
34.03,7.95,7.88,316.92,33.61,90.03,MEDIUM,True,synthetic:who_cdc_rules
39.99,7.55,0.1,50.0,14.35,55.15,MEDIUM,True,synthetic:who_cdc_rules
38.83,7.18,5.43,50.0,0.0,42.16,MEDIUM,True,synthetic:who_cdc_rules
19.17,6.73,2.47,508.73,0.0,37.86,LOW,True,synthetic:who_cdc_rules
21.38,7.47,5.56,493.25,0.0,41.41,LOW,True,synthetic:who_cdc_rules
21.76,7.5,6.73,405.71,28.88,60.56,LOW,True,synthetic:who_cdc_rules
35.49,8.66,8.21,581.11,24.08,34.68,MEDIUM,True,synthetic:who_cdc_rules
24.63,7.13,6.82,202.39,0.0,82.83,LOW,True,synthetic:who_cdc_rules
31.13,6.04,18.13,184.79,16.98,41.91,MEDIUM,True,synthetic:who_cdc_rules
36.94,6.55,0.1,248.12,8.38,50.78,MEDIUM,True,synthetic:who_cdc_rules
31.66,6.42,6.35,316.76,30.25,33.35,MEDIUM,True,synthetic:who_cdc_rules
23.28,8.41,0.1,307.63,30.22,51.41,LOW,True,synthetic:who_cdc_rules
33.11,6.36,12.81,384.85,41.96,33.13,HIGH,True,synthetic:who_cdc_rules
28.47,8.37,5.97,583.8,0.0,91.05,HIGH,True,synthetic:who_cdc_rules
34.31,7.01,2.13,756.65,15.75,58.05,MEDIUM,True,synthetic:who_cdc_rules
18.93,6.75,6.11,502.82,30.55,35.99,LOW,True,synthetic:who_cdc_rules
38.04,7.67,13.9,490.69,16.99,41.6,MEDIUM,True,synthetic:who_cdc_rules
19.44,6.21,5.93,50.0,20.07,44.59,MEDIUM,True,synthetic:who_cdc_rules
39.24,5.99,0.1,512.1,15.21,59.48,MEDIUM,True,synthetic:who_cdc_rules
25.64,7.31,0.1,726.35,24.65,63.52,MEDIUM,True,synthetic:who_cdc_rules
26.63,6.34,1.53,418.6,23.78,36.69,MEDIUM,True,synthetic:who_cdc_rules
32.57,5.95,8.63,221.96,22.55,91.14,MEDIUM,True,synthetic:who_cdc_rules
30.93,8.16,5.38,570.82,0.0,57.09,MEDIUM,True,synthetic:who_cdc_rules
28.25,8.04,7.41,321.93,53.86,70.19,MEDIUM,True,synthetic:who_cdc_rules
34.37,5.98,8.92,496.41,0.0,64.54,MEDIUM,True,synthetic:who_cdc_rules
37.4,6.63,10.18,325.18,8.57,53.84,MEDIUM,True,synthetic:who_cdc_rules
19.38,8.98,10.78,421.21,0.0,63.79,MEDIUM,True,synthetic:who_cdc_rules
23.3,8.74,9.84,333.94,27.56,51.79,MEDIUM,True,synthetic:who_cdc_rules
26.92,8.54,8.04,529.15,18.43,91.56,MEDIUM,True,synthetic:who_cdc_rules
25.86,6.2,10.72,268.74,12.5,82.37,MEDIUM,True,synthetic:who_cdc_rules
23.15,5.71,0.1,90.02,29.43,79.58,MEDIUM,True,synthetic:who_cdc_rules
33.3,8.47,8.69,146.24,17.1,59.5,LOW,True,synthetic:who_cdc_rules
33.28,7.54,7.36,89.44,17.7,94.81,MEDIUM,True,synthetic:who_cdc_rules
37.83,8.02,1.85,176.15,11.46,46.86,MEDIUM,True,synthetic:who_cdc_rules
29.83,8.67,0.1,779.32,7.2,84.27,HIGH,True,synthetic:who_cdc_rules
19.52,6.35,2.24,117.06,7.34,37.51,MEDIUM,True,synthetic:who_cdc_rules
20.49,6.58,9.57,534.42,4.8,70.45,HIGH,True,synthetic:who_cdc_rules
28.05,6.29,2.2,677.68,43.92,66.99,HIGH,True,synthetic:who_cdc_rules
30.82,5.85,0.1,447.87,0.0,51.69,MEDIUM,True,synthetic:who_cdc_rules
25.69,6.04,1.18,580.53,15.88,89.69,MEDIUM,True,synthetic:who_cdc_rules
25.97,7.72,9.16,199.68,68.77,47.63,MEDIUM,True,synthetic:who_cdc_rules
24.07,6.98,0.97,241.92,0.0,46.42,LOW,True,synthetic:who_cdc_rules
24.61,8.14,12.12,624.66,21.15,74.76,MEDIUM,True,synthetic:who_cdc_rules
31.89,8.67,1.61,530.56,9.8,64.26,MEDIUM,True,synthetic:who_cdc_rules
33.09,6.66,2.3,279.78,30.59,67.44,LOW,True,synthetic:who_cdc_rules
29.44,7.94,4.17,304.21,33.62,68.93,LOW,True,synthetic:who_cdc_rules
36.86,7.18,7.88,514.3,18.07,91.8,MEDIUM,True,synthetic:who_cdc_rules
32.6,7.47,2.83,248.15,4.26,84.68,MEDIUM,True,synthetic:who_cdc_rules
26.89,8.08,3.99,623.7,24.82,63.8,MEDIUM,True,synthetic:who_cdc_rules
26.52,5.97,4.96,503.47,0.0,41.36,MEDIUM,True,synthetic:who_cdc_rules
35.37,7.39,7.46,276.26,13.13,67.52,MEDIUM,True,synthetic:who_cdc_rules
34.21,8.98,1.04,397.08,14.87,76.98,MEDIUM,True,synthetic:who_cdc_rules
20.49,6.22,3.63,55.83,4.19,73.21,MEDIUM,True,synthetic:who_cdc_rules
34.85,5.99,6.06,507.08,25.22,72.84,MEDIUM,True,synthetic:who_cdc_rules
33.28,6.9,6.62,373.34,27.53,47.43,LOW,True,synthetic:who_cdc_rules
38.29,5.86,5.19,310.96,0.0,30.3,MEDIUM,True,synthetic:who_cdc_rules
25.15,7.9,9.88,422.18,0.0,61.15,LOW,True,synthetic:who_cdc_rules
33.03,8.72,3.15,399.94,0.0,88.32,MEDIUM,True,synthetic:who_cdc_rules
18.88,6.58,11.28,303.66,8.54,80.38,LOW,True,synthetic:who_cdc_rules
31.26,8.07,10.25,326.16,7.09,52.73,MEDIUM,True,synthetic:who_cdc_rules
25.97,7.3,9.93,162.01,0.0,72.36,LOW,True,synthetic:who_cdc_rules
23.02,6.54,5.15,440.69,4.83,87.9,LOW,True,synthetic:who_cdc_rules
23.59,6.61,2.41,329.13,28.93,35.93,LOW,True,synthetic:who_cdc_rules
37.69,7.23,7.05,491.85,21.66,60.19,MEDIUM,True,synthetic:who_cdc_rules
35.8,8.03,10.23,50.0,10.64,86.62,HIGH,True,synthetic:who_cdc_rules
31.42,6.4,1.98,126.29,0.0,81.11,MEDIUM,True,synthetic:who_cdc_rules
35.76,7.57,8.24,368.54,46.97,41.22,HIGH,True,synthetic:who_cdc_rules
18.9,8.84,0.1,627.2,29.45,71.44,MEDIUM,True,synthetic:who_cdc_rules
28.7,8.4,4.91,363.36,20.36,88.57,MEDIUM,True,synthetic:who_cdc_rules
37.07,7.26,4.63,50.0,16.18,36.03,MEDIUM,True,synthetic:who_cdc_rules
18.59,6.34,8.99,50.0,40.25,79.73,MEDIUM,True,synthetic:who_cdc_rules
23.35,5.81,2.93,439.42,21.19,50.61,MEDIUM,True,synthetic:who_cdc_rules
23.77,8.58,3.5,558.9,30.74,89.24,MEDIUM,True,synthetic:who_cdc_rules
30.0,6.19,8.58,361.89,8.18,39.72,MEDIUM,True,synthetic:who_cdc_rules
25.98,6.78,0.1,471.94,0.0,35.52,LOW,True,synthetic:who_cdc_rules
37.41,7.15,12.26,650.4,17.79,42.52,HIGH,True,synthetic:who_cdc_rules
26.2,7.55,4.52,398.4,0.0,52.6,LOW,True,synthetic:who_cdc_rules
37.27,5.85,3.82,399.54,45.8,82.12,HIGH,True,synthetic:who_cdc_rules
30.81,5.67,3.47,393.02,0.03,48.85,MEDIUM,True,synthetic:who_cdc_rules
26.69,8.56,11.39,478.53,27.95,74.27,MEDIUM,True,synthetic:who_cdc_rules
27.89,6.8,0.1,174.97,1.72,30.07,LOW,True,synthetic:who_cdc_rules
23.38,8.52,12.58,604.81,36.99,45.6,HIGH,True,synthetic:who_cdc_rules
34.88,8.72,0.1,372.4,0.0,39.81,MEDIUM,True,synthetic:who_cdc_rules
31.86,8.08,0.1,50.0,34.89,87.52,MEDIUM,True,synthetic:who_cdc_rules
32.19,6.32,9.49,649.31,25.66,64.7,HIGH,True,synthetic:who_cdc_rules
33.88,8.59,11.87,592.61,51.81,39.1,HIGH,True,synthetic:who_cdc_rules
18.56,7.09,12.23,492.86,0.0,58.3,LOW,True,synthetic:who_cdc_rules
37.53,7.39,5.22,494.67,0.0,53.93,HIGH,True,synthetic:who_cdc_rules
34.4,8.04,6.56,499.75,22.24,77.29,LOW,True,synthetic:who_cdc_rules
18.17,6.08,11.29,594.77,20.7,46.33,MEDIUM,True,synthetic:who_cdc_rules
32.96,7.1,11.01,316.61,19.87,34.57,MEDIUM,True,synthetic:who_cdc_rules
37.46,5.94,5.21,291.08,19.92,39.81,MEDIUM,True,synthetic:who_cdc_rules
32.28,7.56,2.85,709.97,22.32,93.21,MEDIUM,True,synthetic:who_cdc_rules
19.03,5.89,5.55,585.71,26.15,41.48,MEDIUM,True,synthetic:who_cdc_rules
24.84,8.84,5.97,481.85,1.13,84.59,MEDIUM,True,synthetic:who_cdc_rules
39.04,5.6,15.47,481.48,9.47,91.48,HIGH,True,synthetic:who_cdc_rules
30.6,7.96,10.2,372.72,21.6,32.17,MEDIUM,True,synthetic:who_cdc_rules
24.28,8.08,8.45,297.05,7.73,61.88,LOW,True,synthetic:who_cdc_rules
37.3,5.99,10.6,299.92,1.37,88.72,HIGH,True,synthetic:who_cdc_rules
30.15,6.07,8.48,437.28,7.28,69.22,MEDIUM,True,synthetic:who_cdc_rules
21.73,6.6,4.62,394.22,0.0,56.54,LOW,True,synthetic:who_cdc_rules
34.48,6.24,2.64,231.11,32.04,93.26,MEDIUM,True,synthetic:who_cdc_rules
20.4,8.82,1.49,366.35,19.04,66.82,MEDIUM,True,synthetic:who_cdc_rules
35.37,7.63,0.1,249.86,31.79,67.12,MEDIUM,True,synthetic:who_cdc_rules
29.32,8.47,6.25,523.43,26.97,84.54,MEDIUM,True,synthetic:who_cdc_rules
30.17,8.89,20.05,224.56,8.16,42.62,HIGH,True,synthetic:who_cdc_rules
19.59,8.49,0.1,186.03,6.3,72.47,LOW,True,synthetic:who_cdc_rules
38.93,6.32,5.26,177.99,29.49,89.44,HIGH,True,synthetic:who_cdc_rules
28.65,5.7,8.86,169.35,9.02,60.2,MEDIUM,True,synthetic:who_cdc_rules
38.42,5.91,10.71,671.76,17.89,69.37,HIGH,True,synthetic:who_cdc_rules
22.3,5.92,8.79,50.0,6.03,40.99,MEDIUM,True,synthetic:who_cdc_rules
18.48,8.09,2.33,256.45,19.97,89.06,LOW,True,synthetic:who_cdc_rules
35.71,7.62,5.95,569.87,32.47,74.23,MEDIUM,True,synthetic:who_cdc_rules
29.16,7.99,6.75,437.78,0.0,74.55,LOW,True,synthetic:who_cdc_rules
23.37,5.63,5.44,330.85,21.92,45.67,MEDIUM,True,synthetic:who_cdc_rules
38.12,8.27,0.63,567.77,0.0,30.95,MEDIUM,True,synthetic:who_cdc_rules
29.63,6.08,9.81,292.38,14.54,41.61,MEDIUM,True,synthetic:who_cdc_rules
36.44,7.45,17.37,691.42,0.0,45.15,HIGH,True,synthetic:who_cdc_rules
19.25,6.78,3.79,317.67,23.12,71.89,LOW,True,synthetic:who_cdc_rules
27.13,7.99,8.62,214.62,0.0,60.79,LOW,True,synthetic:who_cdc_rules
19.25,7.24,0.1,607.73,18.17,37.82,MEDIUM,True,synthetic:who_cdc_rules
20.87,7.73,7.42,672.11,13.24,91.79,MEDIUM,True,synthetic:who_cdc_rules
33.95,6.69,7.11,50.0,24.61,60.66,LOW,True,synthetic:who_cdc_rules
31.44,6.98,7.27,550.97,15.14,82.91,MEDIUM,True,synthetic:who_cdc_rules
18.32,5.95,14.49,422.67,23.25,62.43,MEDIUM,True,synthetic:who_cdc_rules
25.86,7.58,0.63,153.49,32.09,54.0,LOW,True,synthetic:who_cdc_rules
26.18,7.56,1.01,209.99,25.58,94.68,LOW,True,synthetic:who_cdc_rules
20.42,6.66,5.77,769.17,28.16,55.06,MEDIUM,True,synthetic:who_cdc_rules
23.76,8.53,0.1,646.92,9.24,89.35,MEDIUM,True,synthetic:who_cdc_rules
26.92,6.9,9.6,50.0,23.89,35.27,LOW,True,synthetic:who_cdc_rules
33.01,5.61,5.59,311.73,0.0,36.92,MEDIUM,True,synthetic:who_cdc_rules
22.64,6.0,6.69,101.48,6.47,41.08,MEDIUM,True,synthetic:who_cdc_rules
28.71,6.24,5.98,542.68,36.92,39.39,MEDIUM,True,synthetic:who_cdc_rules
21.06,8.98,10.89,626.54,41.63,52.75,HIGH,True,synthetic:who_cdc_rules
26.51,6.99,10.27,728.49,32.57,74.46,MEDIUM,True,synthetic:who_cdc_rules
34.15,7.97,14.83,71.48,2.83,35.59,MEDIUM,True,synthetic:who_cdc_rules
25.64,7.45,3.4,196.14,27.88,65.58,LOW,True,synthetic:who_cdc_rules
23.34,8.34,3.61,527.64,2.31,77.28,LOW,True,synthetic:who_cdc_rules
20.77,7.16,0.1,383.74,14.32,47.56,LOW,True,synthetic:who_cdc_rules
35.18,8.39,4.16,243.14,10.0,35.81,MEDIUM,True,synthetic:who_cdc_rules
20.45,7.85,10.08,559.72,32.62,74.63,MEDIUM,True,synthetic:who_cdc_rules
33.6,7.48,6.03,645.16,23.85,71.0,MEDIUM,True,synthetic:who_cdc_rules
20.16,7.06,13.22,219.75,3.15,60.9,MEDIUM,True,synthetic:who_cdc_rules
38.37,7.92,0.1,50.05,19.1,88.69,MEDIUM,True,synthetic:who_cdc_rules
36.49,6.88,2.96,379.49,34.12,66.49,MEDIUM,True,synthetic:who_cdc_rules
31.38,6.4,8.14,333.92,50.76,51.79,MEDIUM,True,synthetic:who_cdc_rules
35.54,7.58,0.29,87.94,10.01,64.79,LOW,True,synthetic:who_cdc_rules
25.92,8.16,2.09,442.12,8.66,49.65,LOW,True,synthetic:who_cdc_rules
37.92,5.93,9.68,174.55,4.62,93.74,HIGH,True,synthetic:who_cdc_rules
38.08,8.73,9.38,546.05,0.0,85.18,HIGH,True,synthetic:who_cdc_rules
25.0,6.7,9.37,50.0,24.96,55.8,LOW,True,synthetic:who_cdc_rules
38.73,8.83,3.97,464.05,2.08,59.34,MEDIUM,True,synthetic:who_cdc_rules
38.0,5.68,3.52,129.67,34.03,50.92,MEDIUM,True,synthetic:who_cdc_rules
34.7,6.05,11.79,699.46,36.14,67.77,HIGH,True,synthetic:who_cdc_rules
35.3,7.2,5.51,207.28,2.35,64.87,MEDIUM,True,synthetic:who_cdc_rules
21.26,6.74,6.26,463.9,38.69,41.49,LOW,True,synthetic:who_cdc_rules
29.77,7.45,8.99,372.35,27.45,32.11,LOW,True,synthetic:who_cdc_rules
36.62,6.26,5.01,228.29,21.58,38.6,MEDIUM,True,synthetic:who_cdc_rules
28.29,5.79,5.31,242.66,0.0,44.5,MEDIUM,True,synthetic:who_cdc_rules
26.27,6.05,0.1,573.4,0.0,87.09,MEDIUM,True,synthetic:who_cdc_rules
32.44,8.02,7.15,451.1,32.91,33.29,LOW,True,synthetic:who_cdc_rules
32.26,7.48,0.1,217.92,0.0,55.81,LOW,True,synthetic:who_cdc_rules
18.56,7.57,0.48,1020.94,5.09,57.59,MEDIUM,True,synthetic:who_cdc_rules
29.01,5.57,9.5,543.62,7.25,84.5,MEDIUM,True,synthetic:who_cdc_rules
31.33,7.98,9.52,336.27,18.68,38.31,MEDIUM,True,synthetic:who_cdc_rules
26.98,8.54,0.1,564.59,2.47,77.83,MEDIUM,True,synthetic:who_cdc_rules
38.68,7.14,12.44,474.57,0.0,30.59,MEDIUM,True,synthetic:who_cdc_rules
37.97,8.97,9.71,439.65,6.21,37.88,MEDIUM,True,synthetic:who_cdc_rules
30.74,7.2,0.1,346.88,24.44,81.69,MEDIUM,True,synthetic:who_cdc_rules
38.21,8.91,3.06,53.22,55.8,42.68,HIGH,True,synthetic:who_cdc_rules
35.78,6.91,5.67,728.03,12.89,89.56,HIGH,True,synthetic:who_cdc_rules
24.41,7.51,0.1,464.53,18.65,65.85,LOW,True,synthetic:who_cdc_rules
38.38,7.01,7.36,609.09,0.0,35.16,MEDIUM,True,synthetic:who_cdc_rules
28.16,7.34,1.9,372.22,28.04,33.77,LOW,True,synthetic:who_cdc_rules
22.6,6.63,7.56,874.45,38.53,45.94,MEDIUM,True,synthetic:who_cdc_rules
34.62,6.52,5.46,453.52,24.87,64.2,HIGH,True,synthetic:who_cdc_rules
30.54,8.37,9.18,544.05,0.0,87.15,MEDIUM,True,synthetic:who_cdc_rules
33.38,8.65,4.48,142.77,38.66,32.15,MEDIUM,True,synthetic:who_cdc_rules
24.42,5.85,0.1,810.7,21.97,67.59,MEDIUM,True,synthetic:who_cdc_rules
26.69,7.39,3.63,548.49,35.46,58.24,LOW,True,synthetic:who_cdc_rules
27.14,7.21,7.44,226.33,4.01,94.38,LOW,True,synthetic:who_cdc_rules
21.51,8.46,7.8,597.65,41.73,75.85,MEDIUM,True,synthetic:who_cdc_rules
23.48,7.34,0.32,317.26,0.0,91.68,LOW,True,synthetic:who_cdc_rules
39.57,7.8,17.12,374.93,34.26,35.68,MEDIUM,True,synthetic:who_cdc_rules
26.17,6.96,3.68,323.19,21.79,35.31,LOW,True,synthetic:who_cdc_rules
32.46,6.26,2.39,285.95,37.85,55.37,MEDIUM,True,synthetic:who_cdc_rules
18.75,7.5,6.77,411.51,40.15,78.55,MEDIUM,True,synthetic:who_cdc_rules
24.12,7.46,4.19,294.93,20.27,63.51,LOW,True,synthetic:who_cdc_rules
26.42,7.69,6.01,368.84,50.48,42.46,MEDIUM,True,synthetic:who_cdc_rules
35.39,7.68,7.81,227.37,11.44,37.9,MEDIUM,True,synthetic:who_cdc_rules
25.29,6.43,7.07,655.56,8.08,72.01,MEDIUM,True,synthetic:who_cdc_rules
34.92,8.66,7.66,632.22,26.09,42.7,MEDIUM,True,synthetic:who_cdc_rules
29.09,7.09,4.68,280.5,24.54,86.46,MEDIUM,True,synthetic:who_cdc_rules
23.44,7.01,2.02,50.0,4.23,66.83,LOW,True,synthetic:who_cdc_rules
34.44,7.4,17.59,216.45,0.0,50.71,MEDIUM,True,synthetic:who_cdc_rules
25.86,5.98,1.35,426.83,4.74,64.31,MEDIUM,True,synthetic:who_cdc_rules
23.05,7.21,0.1,380.02,21.28,46.11,LOW,True,synthetic:who_cdc_rules
24.17,5.71,12.91,367.06,0.0,70.02,MEDIUM,True,synthetic:who_cdc_rules
33.16,7.86,5.14,538.96,28.47,41.91,LOW,True,synthetic:who_cdc_rules
21.59,8.33,7.25,318.48,46.53,93.87,MEDIUM,True,synthetic:who_cdc_rules
21.75,7.51,13.79,50.0,0.0,48.91,MEDIUM,True,synthetic:who_cdc_rules
32.94,6.86,0.1,152.2,0.0,79.35,LOW,True,synthetic:who_cdc_rules
21.12,8.55,5.93,608.49,34.19,30.7,MEDIUM,True,synthetic:who_cdc_rules
21.01,6.33,1.34,343.76,4.08,93.71,MEDIUM,True,synthetic:who_cdc_rules
33.39,7.13,2.77,433.01,2.67,69.81,LOW,True,synthetic:who_cdc_rules
35.12,7.84,2.63,486.03,39.45,68.72,MEDIUM,True,synthetic:who_cdc_rules
